,smiles_string,prop,value
0,[*]C#CC=C[*],Tc,1.07244839
1,[*]c1ccc2cc(-c3nc4cc5nc([*])[nH]c5cc4[nH]3)ccc2c1,Tc,0.974000513
2,[*]C=Cc1ccc(C=Cc2nc3cc4nc([*])[nH]c4cc3[nH]2)cc1,Tc,0.892835967
3,[*]c1ccc(-c2ccc(-c3ccc(-n4c(=O)c5cc6c(=O)n([*])c(=O)c6cc5c4=O)cc3)cc2)cc1,Tc,0.809927871
4,[*]c1ccc(-c2nc3cc4nc([*])[nH]c4cc3[nH]2)cc1,Tc,0.800303643
5,[*]c1ccc(-c2ccc(-c3nc4cc5nc([*])oc5cc4o3)cc2)cc1,Tc,0.728755314
6,[*]c1ccc(-n2c(=O)c3cc4c(=O)n([*])c(=O)c4cc3c2=O)cc1,Tc,0.725028613
7,[*]c1ccc(-c2ccc(-n3c(=O)c4cc5c(=O)n([*])c(=O)c5cc4c3=O)cc2)cc1,Tc,0.676547862
8,[*]c1ccc2[nH]c([*])nc2c1,Tc,0.618599103
9,[*]c1ccc(-c2nc3cc4nc([*])oc4cc3o2)c(O)c1,Tc,0.618033485
10,[*]NC(=O)C=CC(=O)Nc1nc([*])nc(N)n1,Tc,0.606226809
11,[*]Nc1ccc(C#Cc2ccc(NC(=O)c3ccc(C([*])=O)cc3)cc2)cc1,Tc,0.587694282
12,*c1ccc(N2C(=O)c3cc4cc5c(cc4cc3C2=O)Cc2cc3cc4c(cc3cc2C5)C(=O)N(*)C4=O)nc1,Tc,0.582083198
13,*C=CC=CN1C(=O)c2cc3c(cc2C1=O)Oc1cc2c(cc1C3)C(=O)N(*)C2=O,Tc,0.579938204
14,[*]c1ccc2c(c1)Cc1cc(-n3c(=O)c4cc5c(=O)n([*])c(=O)c5cc4c3=O)ccc1-2,Tc,0.566191419
15,*c1ccc(N2C(=O)c3cc4cc5c(cc4cc3C2=O)Cc2cc3cc4c(cc3cc2C5)C(=O)N(*)C4=O)cc1,Tc,0.563553989
16,[*]c1ccc2cc(-c3nc4ccc(-c5ccc6nc([*])[nH]c6c5)cc4[nH]3)ccc2c1,Tc,0.552997618
17,[*]c1nc2cc3nc(-c4ccc([*])o4)[nH]c3cc2[nH]1,Tc,0.546994914
18,[*]Nc1ccc(NC(=O)c2ccc(C([*])=O)cc2)cc1,Tc,0.545133326
19,[*]c1ccc(-c2ccc(-c3nc4ccc(-c5ccc6nc([*])oc6c5)cc4o3)cc2)cc1,Tc,0.542376563
20,*C=CC=CN1C(=O)c2cc3cc4c(cc3cc2C1=O)Cc1cc2cc3c(cc2cc1C4)C(=O)N(*)C3=O,Tc,0.533265964
21,[*]Nc1ccc(C([*])=O)cc1,Tc,0.526797956
22,[*]c1ccc([*])[nH]1,Tc,0.51664688
23,[*]NNC(=O)C([*])=O,Tc,0.503831948
24,*c1ccc(-c2ccc(N3C(=O)c4cc5cc6c(cc5cc4C3=O)Cc3cc4cc5c(cc4cc3C6)C(=O)N(*)C5=O)cc2)cc1,Tc,0.502077678
25,*C=CN1C(=O)c2cc3cc4c(cc3cc2C1=O)Cc1cc2cc3c(cc2cc1C4)C(=O)N(*)C3=O,Tc,0.493904726
26,[*]NC(=O)c1ccc(C(=O)Nc2cnc([*])nc2)cc1,Tc,0.49063158
27,*c1ccc(N2C(=O)c3cc4cc5c(cc4cc3C2=O)Cc2cc3cc4c(cc3cc2C5)C(=O)N(*)C4=O)c2cccnc12,Tc,0.484839597
28,[*]Nc1ccc(NC(=O)C=CC([*])=O)cc1,Tc,0.478692774
29,[*]c1ccc(-c2nc3cc(-n4c(=O)c5cc6c(=O)n([*])c(=O)c6cc5c4=O)ccc3[nH]2)cc1,Tc,0.471917368
30,[*]CNC(=O)N[*],Tc,0.469595975
31,[*]c1ccc(NC(=O)c2ccc(C(=O)Nc3ccc(-n4c(=O)c5cc6c(=O)n([*])c(=O)c6cc5c4=O)cc3)cc2)cc1,Tc,0.468359745
32,[*]NNC(=O)C=CC(=O)Nc1ccc(NC(=O)C=CC([*])=O)cc1,Tc,0.460176432
33,[*]Nc1nnc(Nc2n[nH]c([*])n2)[nH]1,Tc,0.451105594
34,*c1ccc(N2C(=O)c3cc4cc5c(cc4cc3C2=O)Cc2cc3cc4c(cc3cc2C5)C(=O)N(*)C4=O)c2c1CC2,Tc,0.43206862
35,[*]NNC(=O)c1ccc(-c2ccc(C(=O)NNC(=O)c3cccc(C([*])=O)c3)cc2)cc1,Tc,0.419436488
36,[*]c1ccc(Nc2ccc(-n3c(=O)c4cc5c(=O)n([*])c(=O)c5cc4c3=O)cc2)cc1,Tc,0.418895032
37,[*]C(=O)NNC(=O)c1ccc([*])nc1,Tc,0.415152077
38,[*]c1ccc(-c2nc3cc(-c4ccc5oc([*])nc5c4)ccc3o2)cc1,Tc,0.410311265
39,*c1ccc(N2C(=O)c3cc4cc5c(cc4cc3C2=O)Cc2cc3cc4c(cc3cc2C5)C(=O)N(*)C4=O)c(C)c1,Tc,0.409814192
40,[*]Nc1ccc([*])nc1,Tc,0.397554332
41,[*]c1ccc(NC(=O)c2ccc(C(=O)Nc3ccc(-c4nc5ccc(-c6ccc7nc([*])[nH]c7c6)cc5[nH]4)cc3)cc2)cc1,Tc,0.391532567
42,[*]c1ccc2ccc(-c3nc4cc(-c5ccc6[nH]c([*])nc6c5)ccc4[nH]3)cc2c1,Tc,0.39148022
43,[*]C(=O)NNC(=O)c1cnc([*])cn1,Tc,0.386491361
44,[*]Nc1ccc(-c2ccc(NC3=CC(=O)C([*])=CC3=O)cc2)cc1,Tc,0.379167869
45,[*]c1ccnc(-n2c(=O)c3cc4c(=O)n([*])c(=O)c4cc3c2=O)n1,Tc,0.378951597
46,[*]c1cccc([*])n1,Tc,0.37570557
47,[*]c1ccc(Oc2ccc(-c3nc4ccc(-c5ccc6nc([*])oc6c5)cc4o3)cc2)cc1,Tc,0.370950105
48,[*]Nc1ccc(NC(=O)c2cccc(C([*])=O)c2)cc1,Tc,0.369655353
49,[*]c1cccc(-n2c(=O)c3cc4c(=O)n([*])c(=O)c4cc3c2=O)n1,Tc,0.368696227
50,[*]c1cc(-n2c(=O)c3cc4c(=O)n([*])c(=O)c4cc3c2=O)c(O)cc1O,Tc,0.363926387
51,[*]c1cccc(-c2nc3cc(-c4ccc5[nH]c([*])nc5c4)ccc3[nH]2)c1,Tc,0.360893777
52,[*]Nc1cccc2c(NC(=O)c3ccc(C([*])=O)cc3)cccc12,Tc,0.359870781
53,[*]Nc1ccc(Nc2ccc(C(=O)Nc3ccc(NC(=O)c4ccc([*])cc4)cc3)cc2)cc1,Tc,0.354869343
54,[*]c1cccc(-c2nc3cc4nc([*])[nH]c4cc3[nH]2)c1,Tc,0.353911995
55,*c1ccc(Nc2ccc(N3C(=O)c4cc5cc6c(cc5cc4C3=O)Cc3cc4cc5c(cc4cc3C6)C(=O)N(*)C5=O)cc2)cc1,Tc,0.352281684
56,[*]c1cncc(-c2nc3cc(-c4ccc5[nH]c([*])nc5c4)ccc3[nH]2)c1,Tc,0.350326329
57,[*]NC1=CC(=O)C([*])=CC1=O,Tc,0.346621437
58,[*]CNC(=O)CC(=O)N[*],Tc,0.346555475
59,[*]C=C([*])CO,Tc,0.346046111
60,[*]c1ccc(C(=O)Nc2cccc(-n3c(=O)c4cc5c(=O)n([*])c(=O)c5cc4c3=O)c2)cc1,Tc,0.337220912
61,[*]c1nc2cc(-c3ccc4[nH]c(-c5cccc6cc7c([*])cccc7cc56)nc4c3)ccc2[nH]1,Tc,0.336385954
62,*c1cc(-c2ccc(N)c(N3C(=O)c4ccc(-c5ccc6c(c5)C(=O)N(*)C6=O)cc4C3=O)c2)ccc1N,Tc,0.336159954
63,[*]c1cc(N2C(=O)c3ccc(-c4ccc5c(c4)C(=O)N([*])C5=O)cc3C2=O)c(O)cc1O,Tc,0.335597911
64,*Cc1ccc(N2C(=O)c3cc4cc5c(cc4cc3C2=O)Cc2cc3cc4c(cc3cc2C5)C(=O)N(*)C4=O)cc1,Tc,0.333760815
65,[*]NNC(=O)c1ccc2cc(C(=O)NNC(=O)c3cccc(C([*])=O)c3)ccc2c1,Tc,0.331015621
66,*c1cc(-c2ccc(N)c(N3C(=O)c4cc5cc6c(cc5cc4C3=O)Cc3cc4cc5c(cc4cc3C6)C(=O)N(*)C5=O)c2)ccc1N,Tc,0.330037238
67,[*]Oc1ccc(C(=O)NNC(=O)c2ccc([*])cc2)cc1,Tc,0.326300087
68,[*]NNC(=O)c1cccc(C(=O)NNC(=O)c2ccc(C([*])=O)cc2)c1,Tc,0.325886261
69,[*]Nc1cccc(C#Cc2ccc(C([*])=O)cc2)c1,Tc,0.325458292
70,*C(=C)C(=C)N1C(=O)c2cc3cc4c(cc3cc2C1=O)Cc1cc2cc3c(cc2cc1C4)C(=O)N(*)C3=O,Tc,0.323634615
71,[*]c1ccc(Cc2ccc(-n3c(=O)c4cc5c(=O)n([*])c(=O)c5cc4c3=O)cc2)cc1,Tc,0.318064614
72,[*]Nc1cccc(NC(=O)c2ccc(C([*])=O)cc2)c1,Tc,0.316648451
73,[*]c1ccc(NC(=O)c2cccc(C(=O)Nc3ccc(-n4c(=O)c5cc6c(=O)n([*])c(=O)c6cc5c4=O)cc3)c2)cc1,Tc,0.314502553
74,*c1cc(-c2ccc(N)c(N3C(=O)c4ccc5c6ccc7c8c(cnc(c9ncc(c4c59)C3=O)c86)C(=O)N(*)C7=O)c2)ccc1N,Tc,0.309726371
75,*C1OC1NN1C(=O)c2cc3cc4c(cc3cc2C1=O)Cc1cc2cc3c(cc2cc1C4)C(=O)N(*)C3=O,Tc,0.309699947
76,*C(c1ccccc1)N1C(=O)c2cc3cc4c(cc3cc2C1=O)Cc1cc2cc3c(cc2cc1C4)C(=O)N(*)C3=O,Tc,0.308498923
77,[*]NNC(=O)c1cccc(C([*])=O)c1,Tc,0.308236427
78,*CN1C(=O)c2cc3cc4c(cc3cc2C1=O)Cc1cc2cc3c(cc2cc1C4)C(=O)N(*)C3=O,Tc,0.307791919
79,[*]NC(=O)Nc1ccc(Cc2ccc(NC(=O)Nc3cccc([*])n3)cc2)cc1,Tc,0.306039137
80,[*]c1ccc(Nc2cccc(-n3c(=O)c4cc5c(=O)n([*])c(=O)c5cc4c3=O)c2)cc1,Tc,0.305860229
81,*CC(C)=Cc1ccc2nc(N3C(=O)c4cc5cc6c(cc5cc4C3=O)Cc3cc4cc5c(cc4cc3C6)C(=O)N(*)C5=O)ncc2c1,Tc,0.304282307
82,[*]C(=O)Nc1cccc(NC(=O)c2ccc3[nH]c(-c4cccc(-c5nc6cc([*])ccc6[nH]5)c4)nc3c2)c1,Tc,0.301618196
83,*Nc1cc(N2C(=O)c3cc4cc5c(cc4cc3C2=O)Cc2cc3cc4c(cc3cc2C5)C(=O)N(*)C4=O)ccn1,Tc,0.294366763
84,[*]c1nc2cc(-c3ccc4oc(-c5cccc6cc7c([*])cccc7cc56)nc4c3)ccc2o1,Tc,0.281840087
85,*c1cc(-c2ccc(N)c(N3C(=O)c4ccc5c6ccc7c8c(ccc(c9ccc(c4c59)C3=O)c86)C(=O)N(*)C7=O)c2)ccc1N,Tc,0.281422706
86,[*]c1cccc(-c2nc3cc(-c4ccc5oc([*])nc5c4)ccc3o2)c1,Tc,0.280706431
87,*c1ccc(C)c(N2C(=O)c3cc4cc5c(cc4cc3C2=O)Cc2cc3cc4c(cc3cc2C5)C(=O)N(*)C4=O)c1,Tc,0.279874686
88,*c1ccc2[nH]c3ccc(N4C(=O)c5ccc(-c6ccc7c(c6)C(=O)N(*)C7=O)cc5C4=O)cc3c2c1,Tc,0.277203535
89,*Cc1ccc2ccc(N3C(=O)c4cc5cc6c(cc5cc4C3=O)Cc3cc4cc5c(cc4cc3C6)C(=O)N(*)C5=O)nc2c1,Tc,0.275479224
90,*Cc1cnc(N2C(=O)c3cc4cc5c(cc4cc3C2=O)Cc2cc3cc4c(cc3cc2C5)C(=O)N(*)C4=O)c2ccccc12,Tc,0.272265252
91,*Nc1cc(N2C(=O)c3ccc(-c4ccc5c(c4)C(=O)N(*)C5=O)cc3C2=O)ccn1,Tc,0.272235256
92,[*]C(=O)NNC(=O)c1cccc([*])n1,Tc,0.271586235
93,[*]C(=O)N([*])C=C,Tc,0.265542684
94,[*]Nc1cccc2c(NC(=O)c3cccc(C([*])=O)c3)cccc12,Tc,0.262781705
95,[*]CC#CC#CCn1c(=O)c2cc3c(=O)n([*])c(=O)c3cc2c1=O,Tc,0.25920692
96,[*]c1nc2cc(-c3ccc4[nH]c(-c5ccccc5[*])nc4c3)ccc2[nH]1,Tc,0.255048388
97,[*]c1cccc(NC(=O)c2cccc(C(=O)Nc3cccc(-n4c(=O)c5cc6c(=O)n([*])c(=O)c6cc5c4=O)c3)c2)c1,Tc,0.253845851
98,*Cc1ccccc1N1C(=O)c2cc3cc4c(cc3cc2C1=O)Cc1cc2cc3c(cc2cc1C4)C(=O)N(*)C3=O,Tc,0.222858015
99,*C(=O)n1c(=O)n(C(=O)N=C=O)c(=O)n(C(=O)N2C(=O)c3cc4c(cc3C2=O)C2(C)CCC4(C)c3cc4c(cc32)C(=O)N(*)C4=O)c1=O,Tc,0.213775957
100,[*]C(C#N)=C(C#N)n1c(=O)c2cc3c(=O)n([*])c(=O)c3cc2c1=O,Tc,0.210918357
101,[*]c1nc2cc(-c3ccc4[nH]c(-c5c([*])ccc6ccccc56)nc4c3)ccc2[nH]1,Tc,0.210453854
102,*c1ccc2c(c1N1C(=O)c3cc4cc5c(cc4cc3C1=O)Cc1cc3cc4c(cc3cc1C5)C(=O)N(*)C4=O)C2,Tc,0.204451193
103,[*]Nc1ccccc1NC(=O)c1cccc(C([*])=O)c1,Tc,0.192273233
104,*CC*,Tc,0.456184962
105,*C(C*)C,Tc,0.25877338
106,*C(C*)CC,Tc,0.264363289
107,*C(C*)CCC,Tc,0.261130695
108,*C(C*)C(C)C,Tc,0.234342233
109,*C(C*)CCCC,Tc,0.275330549
110,*C(C*)CC(C)C,Tc,0.240918065
111,*C(C*)CCCCC,Tc,0.27463839
112,*C(C*)CCC(CC)C,Tc,0.265949678
113,*CC(*)(CC(=O)OCCC)C(=O)OCCC,Tc,0.225769616
114,*CC(*)C(=O)OCCO,Tc,0.297878745
115,*CC(*)(CCC(C)C(=O)OC)C(=O)OC,Tc,0.238137173
116,*CC(*)C(=O)OC1CCCCCCCCCCC1,Tc,0.245455632
117,*C(C*)Cl,Tc,0.142730624
118,*C(C*)(F)F,Tc,0.148188116
119,*CC(*)(Cl)Cl,Tc,0.096200541
120,*C(F)C(*)(F)F,Tc,0.14138687
121,*C(F)(F)C(F)(F)*,Tc,0.19501973
122,*C(C(*)(F)F)(Cl)F,Tc,0.119922243
123,*CCC=C(*)Cl,Tc,0.156164169
124,*C(=O)c1ccc2c(c1)C(=O)N(c1cc(C(c3ccc(O)c(N4C(=O)c5ccc(*)cc5C4=O)c3)(C(F)(F)F)C(F)(F)F)ccc1O)C2=O,Tc,0.189395669
125,*c1ccc(Oc2ccc(-c3ccc(Oc4ccc(N5C(=O)c6ccc(Oc7ccc(C8(c9ccc(Oc%10ccc%11c(c%10)C(=O)N(*)C%11=O)cc9)CCCCCCCCCCC8)cc7)cc6C5=O)cc4)cc3C)c(C)c2)cc1,Tc,0.271126559
126,*c1ccc(Cc2ccc(N3C(=O)c4ccc(Oc5ccc(C6(c7ccc(Oc8ccc9c(c8)C(=O)N(*)C9=O)cc7)CCCCCCCCCCC6)cc5)cc4C3=O)cc2)cc1,Tc,0.234616466
127,*c1ccc(Oc2ccc(Oc3ccc(N4C(=O)c5ccc(Oc6ccc(C7(c8ccc(Oc9ccc%10c(c9)C(=O)N(*)C%10=O)cc8)CCCCCCCCCCC7)cc6)cc5C4=O)cc3)c(C(C)(C)C)c2)cc1,Tc,0.253157391
128,*c1ccc(Oc2ccc(C3(c4ccc(Oc5ccc(N6C(=O)c7ccc(Oc8ccc(C9(c%10ccc(Oc%11ccc%12c(c%11)C(=O)N(*)C%12=O)cc%10)CCCCCCCCCCC9)cc8)cc7C6=O)cc5)cc4)CCC(C(C)(C)C)CC3)cc2)cc1,Tc,0.254842041
129,*c1ccc(Oc2ccc(C3(c4ccc(Oc5ccc(N6C(=O)c7ccc(Oc8ccc(C9(c%10ccc(Oc%11ccc%12c(c%11)C(=O)N(*)C%12=O)cc%10)CCCCCCCCCCC9)cc8)cc7C6=O)cc5)cc4)C4CC5CC(C4)CC3C5)cc2)cc1,Tc,0.2382015
130,*c1ccc2c(c1)C(=O)N(c1ccc(Oc3ccc4ccc(Oc5ccc(N6C(=O)c7ccc(C(*)(C(F)(F)F)C(F)(F)F)cc7C6=O)cc5)cc4c3)cc1)C2=O,Tc,0.182668971
131,*c1ccc(Oc2ccc3ccc(Oc4ccc(-n5c(=O)c6cc7c(=O)n(*)c(=O)c7cc6c5=O)cc4)cc3c2)cc1,Tc,0.289863471
132,*c1cccc(P(=O)(c2cccc(-n3c(=O)c4c(-c5cc(C(F)(F)F)cc(C(F)(F)F)c5)c5c(=O)n(*)c(=O)c5c(-c5cc(C(F)(F)F)cc(C(F)(F)F)c5)c4c3=O)c2)c2cc(C(F)(F)F)cc(C(F)(F)F)c2)c1,Tc,0.122779381
133,*c1cccc(P(=O)(c2ccc(C(F)(F)F)cc2)c2cccc(-n3c(=O)c4c(-c5cc(C(F)(F)F)cc(C(F)(F)F)c5)c5c(=O)n(*)c(=O)c5c(-c5cc(C(F)(F)F)cc(C(F)(F)F)c5)c4c3=O)c2)c1,Tc,0.130279594
134,[*]C=CC(=C[*])Cl,Tg,510.1524774
135,[*]C=CC(=O)N[*],Tg,711.2135137
136,[*]CCC(COC(=O)C=C[*])C#N,Tg,657.2037003
137,[*]C=CC(=O)OCC(C(F)([*])F)(F)F,Tg,522.155672
138,[*]C=C([*])C(=O)OCC#N,Tg,569.1149576
139,[*]CCCCCCCCCCCCCCCCCCOC(=O)C=C[*],Tg,587.0836694
140,[*]C=CC(=O)OCC([*])OC1=CC=CC=C1,Tg,552.2045744
141,[*]C=CC(=O)OC([*])C1CCCO1,Tg,533.0893422
142,[*]CC(C)(C)C=C[*],Tg,610.0985601
143,C(=O)(O[S](c1ccccc1)c1cc([*])ccc1)O[S](c1ccccc1)c1cc([*])ccc1,Tg,664.2017263
144,[*]CCOC(=O)C(=C([*]))C#N,Tg,695.1843713
145,O(C(=O)c1ccc(cc1)C(=O)OCCCCCCCCC[*])CCCCCCCCC[*],Tg,562.2118562
146,[*]CCCCOC(=O)c1cccc(c1)C(=O)OCCCC[*],Tg,570.1642723
147,[*]C1=CC(=CC=C1C(=O)C2=CC=C(C([*])=C2)Cl)Cl,Tg,701.1323407
148,[*]CCOC(=O)C=CC(=O)OCC[*],Tg,557.1857489
149,[*]COC(=O)C=CC(=O)OC[*],Tg,646.1003853
150,[*]CCCOC(=O)C=CC(=O)OCCC[*],Tg,532.1082593
151,C(CO[*])CO[*],Tg,470.1105527
152,[*]CC(=O)Oc1ccccc1C(O[*])=O,Tg,480.175503
153,[*]COC(=O)CC(=C)C(=O)OC[*],Tg,646.1003853
154,[*]CCCOC(=O)CC(=C)C(=O)OCCC[*],Tg,579.1619211
155,[*]CC(OC(=O)C(C[*])=C)N(C)C,Tg,565.1971978
156,[*]CC(=C)C(=O)OC([*])C(F)(F)F,Tg,620.1546437
157,[*]CC(=C)C(=O)OC([*])C(C(F)F)(F)F,Tg,617.1631685
158,[*]CC(=C)C(=O)OC([*])C1CO1,Tg,607.155593
159,*CC(=C)C(=O)OC(*)C1CCCO1,Tg,600.2055404
160,[*]Cc1ccc(C([*]))c(Cl)c1,Tg,629.2163513
161,[*]C1=C=CC=C=C1[*],Tg,811.14781
162,*Oc1c(cc([*])cc1-c1ccccc1)-c1ccccc1,Tg,770.1937676
163,*CCC1=CC=C(C=C1)C=C*,Tg,599.1009386
164,*C1C([*])S1,Tg,496.1351536
165,*C(F)=COC(F)(F)*,Tg,541.1279918
166,*C=C(*)C(=O)C1=CC=C(C=C1)Cl,Tg,609.1159895
167,*CC(=C)C(=O)C*,Tg,643.1318236
168,*CCC(=O)C=C*,Tg,486.1832585
169,*CC(=O)C=C*,Tg,574.1164622
170,*CCCCSC=C*,Tg,526.1384003
171,*CCSC=C*,Tg,539.1380705
172,S([*])c1ccccc1C([*])=C,Tg,659.1738952
173,c1ccc2cc3ccccc3c(c2c1)\C([*])=C[*],Tg,487.1918336
174,*CC(=O)OC1=CC=C(C=C1)C=C*,Tg,389.1347363
175,*C=CCOC(*)C1CO1,Tg,195.16413
176,*OC(=O)Oc1ccccc1C(c2ccccc2)(C)C[*],Tg,447.1981518
177,*CC(C)(C)OC=C*,Tg,361.1602958
178,Cl\C([*])=C\C([*])=C,Tg,233.1309857
179,*C=C(*)OC1CCCCC1,Tg,354.1604004
180,*CC(=C)C(=O)O*,Tg,501.1872336
181,*CC(=C)C(=O)OC(=O)C(=C)C*,Tg,432.1156545
182,*OC1C(OC)C(OC)C(OC)C(OC)C1O*,Tg,273.1492422
183,*CC1=CC=C(C=C1)[Si]O*,Tg,187.154382
184,*CC1=CC=C(C=C1)C=C*,Tg,293.1568186
185,C1CCN(C1)C(=O)C([*])CCCC(=O)N*,Tg,316.1549603
186,O=C1CC(*)C(*)CCN1,Tg,325.1621601
187,C1CCCN(CC1)C(=O)C(*)CCCCCCC(=O)N*,Tg,331.1311215
188,*CCCCCCCCCCCCCCCCC=C*,Tg,328.1708485
189,*CCCCCCCCCCCCCCCCCCOC(=O)C(=C)C*,Tg,173.1410313
190,*CCCCCCC=C*,Tg,210.1357769
191,N([*])C(=O)c1ccc(cc1)C(=O)n1c2cc1cc(c2[*]),Tg,498.195729
192,*CN(C)C(=O)C=C*,Tg,362.1595985
193,*CCCCCCCCCCCCOC=C*,Tg,211.1543341
194,C1C(*)(O1)C(*)Br,Tg,259.1791135
195,C1C(*)(O1)C(*)Cl,Tg,251.1308115
196,*CC(*)C1CO1,Tg,203.1421291
197,*CCCCCCCC(*)C1CO1,Tg,203.1421291
198,*CCCCCC(*)C1CO1,Tg,206.1579087
199,O([*])C1C(OCC)C(OC)C(OCC)C(OC1([*]))OCC,Tg,316.1549603
200,O=C1OCCOC(=O)c2c(*)cc(*)c1c2,Tg,324.1156488
201,*C1COC(=O)C(*)C(=O)O1,Tg,244.1743273
202,*C1C(*)O1,Tg,207.1571846
203,*CCOC=C*,Tg,230.1441817
204,C([*])1C=CC2=CC([*])=CC=C21,Tg,358.1789013
205,*CC(=C)C(=O)OC1CC2CCC1(C2(C)C)C*,Tg,383.1775004
206,*C=C(*)C(=O)C1=CC=CC=C1,Tg,347.1362759
207,*CCCOC=C*,Tg,224.1300046
208,*C1CCOC1*,Tg,189.1472363
209,*CCCCOC(=O)c1ccc(cc1)C(=O)OCCCC*,Tg,290.1349182
210,*C1COC1*,Tg,195.16413
211,*CC(C)(C)C1=CC=C(C=C1)C(=O)OC=C*,Tg,374.1105883
212,C(=C[*])C1=C2C(=CC=C1)C3=CC([*])=CC=C3N2,Tg,500.1496854
213,[*]C=C([*])OC(=O)C1CCCCC1,Tg,349.1403155
214,*C=C(*)F,Tg,314.1231906
215,*CC(C)(C)C(=O)OC=C*,Tg,359.1699548
216,*C=C(*)C1=CC=CC=N1,Tg,377.137745
217,*C=C(*)C1=CC=NC=C1,Tg,415.14518
218,O1C([*])(F)C(F)(F)C(F)(F)C1(F)[*],Tg,222.997503
219,F\C([*])=C([*])/F,Tg,387.9716573
220,[*]C[SiH](C)O[*],Tg,148.0130473
221,FC(F)(F)COC(=O)C([*])=C[*],Tg,263.0267992
222,*C=C(*)F,Tg,233.0236497
223,CC(C)COC([*])=C[*],Tg,251.0151881
224,CCOC([*])=C[*],Tg,253.9802814
225,CCCCOC([*])=C[*],Tg,221.0039317
226,O(C[*])C[*],Tg,206.015549
227,CCCCOCC1([*])OC1([*]),Tg,193.9992272
228,CCCCCOC([*])=C[*],Tg,207.0141349
229,CCCCCCOCC1([*])OC1([*]),Tg,188.0182473
230,CCCCCCCCOC([*])=C[*],Tg,193.9992272
231,CCCCC(CC)COC([*])=C[*],Tg,207.0141349
232,CCCCCCCCCCOC([*])=C[*],Tg,197.0153207
233,CC([*])=C([*])C(=O)OC(C)(C)C,Tg,391.0209261
234,CC(C)CC([*])=C[*],Tg,301.995172
235,CCCCOC(=O)C([*])=C[*],Tg,218.9777555
236,CCC(=O)OC([*])=C[*],Tg,283.0088392
237,COC([*])=C[*],Tg,260.0159563
238,CC(=O)OC([*])=C[*],Tg,301.0232221
239,CCOC(=O)C([*])=C[*],Tg,251.0151881
240,O=C(OC(C)C)\C([*])=C([*])/C,Tg,326.9640468
241,CC([*])=C[*],Tg,233.0236497
242,[*]CCO[C@H](C)CC[*],Tg,252.9880456
243,[*]CCCCCCCCCCCCOC(=O)C(=C)C[*],Tg,218.0218397
244,O([*])C(=O)CCCC(=O)O([*]),Tg,272.0194762
245,[*]C=C([*])OC=O,Tg,304.0184917
246,[*]C=C[*],Tg,148.0130473
247,O([*])C([*]),Tg,218.0218397
248,CCCCCCOC(=O)C([*])=C([*])C,Tg,267.9785297
249,CCCCOC(=O)C([*])=C([*])C,Tg,293.021846
250,CCCOC(=O)C([*])=C([*])C,Tg,308.0349537
251,CCOC(=O)C([*])=C([*])C,Tg,323.9664224
252,O1C([*])COC(CCC)C1([*]),Tg,323.9664224
253,CC([*])=C([*])C(=O)OC,Tg,378.0071373
254,ClC([*])C([*])C(=O)OC(CC)C,Tg,346.9764505
255,CC([*])=C=C([*]),Tg,269.0295592
256,*CCO*,Tg,358.0139918
257,[*]CC(Cl)C(=O)OCC[*],Tg,194.98446
258,CC1CCCCC1OC(=O)C([*])=C([*])C,Tg,293.021846
259,C1CCCCC1OC(=O)C([*])=C([*])C,Tg,376.9641066
260,*CC(=C)C(=O)OCCO*,Tg,359.004589
261,[*]C=C([*])OC(=O)CCl,Tg,304.0184917
262,[*]CC(=C)C(=O)OCC([*])Cl,Tg,365.0059971
263,[*]C=C([*])C#N,Tg,378.0071373
264,C/C([*])=C/C([*]),Tg,203.001852
265,[*]C=C([*])C(=O)O,Tg,378.9657838
266,O=C1N(C([*])=C([*]))CCCC1,Tg,418.022829
267,[*]O[SiH](C([*]))c1ccccc1,Tg,186.9820858
268,ClC([*])=C([*])C(=O)OC1CCCCC1,Tg,386.9902292
269,[*]C=C([*])Cl,Tg,348.0166322
270,[*]C=C([*])C(=C)Cl,Tg,225.0090572
271,O=C(OCC1=CC=CC=C1)\C([*])=C([*])/C,Tg,326.9640468
272,O([*])C(=O)c1ccc(C(=O)OCC[*])cc1,Tg,344.9848314
273,c1ccccc1C(=O)OC([*])=C([*]),Tg,344.0329188
274,C([*])=C([*])c1ccccc1OC,Tg,408.9780501
275,c1ccccc1C([*])=C([*]),Tg,372.9924148
276,S1C([*])C([*])C1,Tg,225.9956084
277,CC([*])=C([*])C(=O)NCc1ccccc1,Tg,494.9940744
278,COc1ccc(C([*])=C([*]))cc1,Tg,361.9928562
279,ClC([*])=C([*])Cl,Tg,255.9764431
280,Clc1ccccc1C([*])=C([*]),Tg,392.0125763
281,Clc1c(Cl)cccc1C([*])=C([*]),Tg,440.0479478
282,ClCc1ccc(C([*])=C[*])cc1,Tg,353.0205604
283,[*]c1ccc(Oc2ccccc2)c(Oc2ccccc2)c1[*],Tg,492.9467413
284,[*]C=Cc1ccc(C=C[*])cc1,Tg,332.9660852
285,[*]C=C([*])c1ccc2ccccc2c1,Tg,432.0161676
286,[*]C=C([*])N1c2ccccc2-c3ccccc31,Tg,422.9606843
287,[*]C([*])=C(C(=O)OCC(F)(F)C(F)(F)F),Tg,343.0046439
288,ClC([*])=C([*])F,Tg,372.9924148
289,[*]COCCOC(=O)C=C[*],Tg,222.997503
290,CCOCCOC(=O)C([*])=C[*],Tg,222.997503
291,[*]C=C[*],Tg,194.98446
292,[*]C=C([*])C1CCCCC1,Tg,362.9944626
293,COC(=O)C([*])=C[*],Tg,280.9959109
294,[*]C=C([*])Cl,Tg,348.0166322
295,[*]C=C([*])c1ccccc1Cl,Tg,392.0125763
296,[*]C=C([*])c1ccc(Cl)cc1,Tg,388.9555744
297,[*]C=C([*])c1ccc(F)cc1,Tg,378.9657838
298,CCCCCCOC([*])=C[*],Tg,208.9777264
299,[*]CC(C)=C([*])c1ccccc1,Tg,408.9780501
300,[*]OCCCCO[*],Tg,190.0203003
301,[*]OCCCCCCCCO[*],Tg,203.001852
302,[*]C=CCCCCCOCCCCCC=C[*],Tg,207.0141349
303,CCCCCCCCOC(=O)C([*])=C[*],Tg,208.017561
304,CCCCCCCOC(=O)C([*])=C[*],Tg,213.0100037
305,FC(F)(F)C(F)(F)C([*])=C[*],Tg,313.9785648
306,[*]C([*])=C(C)C(=O)OCCC(C)(C)C,Tg,317.9801428
307,[*]C=C([*])OC(=O)C(F)(F)F,Tg,319.0068436
308,[*]C([*])=C(Cl)C(=O)OCCCC,Tg,329.9894079
309,FC(F)(F)C(F)(F)C(F)(F)C([*])=C[*],Tg,330.9786651
310,CC(C)CCC([*])=C[*],Tg,259.0001407
311,CCCCc1ccc(C([*])=C[*])cc1,Tg,278.9972997
312,[*]C([*])=CCc1ccccc1,Tg,332.9660852
313,[*]C([*])=Cc1ccccc1,Tg,372.9924148
314,Cc1ccc(C([*])=C[*])cc1,Tg,374.024456
315,CC([*])=C[*],Tg,233.0236497
316,CCCCOC(=O)C([*])=C[*],Tg,218.9777555
317,[*]C([*])=C(F)F,Tg,233.0236497
318,[*]C([*])=C(C)C(=O)OC,Tg,378.0071373
319,[*]C([*])=C(C)C(=O)OCCCl,Tg,365.0059971
320,[*]C([*])=O,Tg,218.0218397
321,*C1COC1[*],Tg,194.98446
322,OCCCCC([*])=C[*],Tg,203.98583
323,[*]C([*])=C(C)C(=O)OCCCCCCCC,Tg,252.9880456
324,CCCCCC([*])=C[*],Tg,219.9885109
325,CC(CCC(=C)[*])OC(C)CCC(=C)[*],Tg,252.9880456
326,FC(=C([*]))C(F)(F)[*],Tg,314.9923453
327,CCCCNC(=O)C([*])=C[*],Tg,319.0068436
328,CC(C)C([*])=C[*],Tg,322.9981241
329,[*]CC(CO)(CCl)C([*])Cl,Tg,264.9720099
330,CC(C)OC([*])=C[*],Tg,270.0225287
331,[*]CCCCOC(=O)C(=C([*]))C,Tg,293.021846
332,[*]C=C([*])C(F)(F)F,Tg,299.9853181
333,[*]C=C([*])CC1CCCC1,Tg,332.9660852
334,[*]C=C([*])CC1CCCCC1,Tg,348.0166322
335,C1([*])CC([*])OCO1,Tg,378.0071373
336,CC(C)OC(=O)C([*])=C[*],Tg,271.0191632
337,[*]COC(=O)C(=C([*]))Cl,Tg,449.9870339
338,[*]CC(=C)C(=O)OC([*])C(C(C(F)(F)F)(F)F)(F)F,Tg,329.9894079
339,C([*])(C)COC(=O)C(=C([*]))C,Tg,393.0067413
340,FC(F)(F)C(c1ccc(cc1)c1nnc(o1)c1ccc(cc1)N1C2=CC=CCC2c2ccc(cc12)[*])(c1ccc(cc1)c1nnc(o1)c1ccc(cc1)n1c2ccccc2c2ccc(cc12)[*])C(F)(F)F,Tg,407.0052394
341,c1ccc(N(c2ccccc2)c2ccc(c3nnc(c4cccc(c5nnc(c6ccc(N(c7ccc([*])cc7)c7ccc([*])cc7)cc6)o5)c4)o3)cc2)cc1,Tg,391.0209261
342,c1ccc(N(c2ccccc2)c2ccc(c3nnc(c4ccccc4c4nnc(c5ccc(N(c6ccc([*])cc6)c6ccc([*])cc6)cc5)o4)o3)cc2)cc1,Tg,371.9632212
343,c1ccc(N(c2ccccc2)c2ccc(c3nnc(c4cc(c5nnc(c6ccc(N(c7ccc([*])cc7)c7ccccc7)cc6)o5)cc(c5nnc(c6ccc(N(c7ccccc7)c7ccc([*])cc7)cc6)o5)c4)o3)cc2)cc1,Tg,440.0479478
344,Cc1cc(C)c(B(c2ccc(c3cccc(c4ccc(B(c5c(C)cc(C)cc5C[*])c5c(C)cc(C)cc5C[*])s4)c3)s2)c2c(C)cc(C)cc2C)c(C)c1,Tg,382.0322269
345,Cc1cc(C)c(B(c2ccc(s2)c2ccc(s2)c2ccc(s2)B(c2c(C)cc(C)cc2C[*])c2c(C)cc(C)cc2C[*])c2c(C)cc(C)cc2C)c(C)c1,Tg,387.9716573
346,Cc1cc(C)c(B(c2ccc(s2)c2ccc(s2)B(c2c(C)cc(C)cc2C[*])c2c(C)cc(C)cc2C[*])c2c(C)cc(C)cc2C)c(C)c1,Tg,380.0143529
347,CC1=CC=C(CC1)N(c1ccc(C)cc1[*])c1ccc(cc1)c1ccc(s1)c1ccc(cc1)N(c1ccc(C)cc1[*])c1ccc(C)cc1,Tg,359.004589
348,CC1=CC=C(CC1)N(c1ccc(C)cc1[*])c1ccc(cc1)c1ccc(s1)c1ccc(s1)c1ccc(s1)c1ccc(cc1)N(c1ccc(C)cc1[*])c1ccc(C)cc1,Tg,362.9944626
349,c1ccc(cc1)N(c1ccc(cc1)N(c1ccc(cc1)N(c1ccccc1)c1ccc2ccccc2c1[*])c1ccc(cc1)N(c1ccccc1)c1ccc2ccccc2c1[*])c1ccc2ccccc2c1,Tg,383.0010812
350,c1ccc(cc1)N(c1ccc(cc1)N(c1ccc(cc1)N(c1ccccc1)c1ccc([*])c2ccccc12)c1ccc(cc1)N(c1ccccc1)c1ccc([*])c2ccccc12)c1cccc2ccccc12,Tg,386.0112837
351,c1ccc(cc1)n1c2ccccc2c2cc(ccc12)c1ccc2n(c3ccc([*])cc3)c3ccc([*])cc3c2c1,Tg,362.9944626
352,CC([*])n1c2ccccc2c2cc(ccc12)c1ccc2n(CC([*]))c3ccccc3c2c1,Tg,343.0046439
353,Cc1cccc(c1)N(c1ccccc1)c1ccc(cc1)N(c1ccc(cc1)N(c1ccccc1)c1ccc(C)cc1[*])c1ccc(cc1)N(c1ccccc1)c1ccc(C)cc1[*],Tg,348.0166322
354,c1ccc(cc1)c1cccc(c1)N(c1ccccc1)c1ccc(cc1)N(c1ccc(cc1)N(c1ccccc1)c1cccc(c1)c1ccc([*])cc1)c1ccc(cc1)N(c1ccccc1)c1cccc(c1)c1ccc([*])cc1,Tg,363.9988403
355,c1ccc(cc1)N(c1ccc(cc1)c1ccc([*])cc1)c1ccc(cc1)c1ccc(cc1)N(c1ccccc1)c1cccc(c1)c1ccc([*])cc1,Tg,353.9973411
356,c1ccc(cc1)c1cc(ccc1)c1ccc(cc1)N(c1ccc(cc1)c1cccc(c1)c1ccc([*])cc1)c1ccc(cc1)c1cccc(c1)c1ccc([*])cc1,Tg,353.0205604
357,c1cnc(cc1)N(c1ccc(cc1)c1nc(nc(n1)c1ccc(cc1)N(c1ccc([*])cn1)c1ncccc1)c1ccc(cc1)N(c1ccc([*])cn1)c1ncccc1)c1ccccn1,Tg,394.0034276
358,Cc1ccc(cc1)N(c1ccc(cc1[*])c1ccc(cc1)N(c1ccccc1)c1ccc(cc1)c1ccc(cc1)N(c1ccccc1)c1ccc(cc1)c1ccc(cc1[*])N(c1ccc(C)cc1)c1cccc(C)c1)c1cc(C)ccc1,Tg,402.9953175
359,Fc1ccc(cc1)N(c1ccccc1)c1cc(cc(c1)N(c1ccccc1)c1ccc(F)cc1[*])N(c1ccccc1)c1ccc(F)cc1[*],Tg,326.9640468
360,Clc1ccc(cc1)N(c1ccccc1)c1cc(cc(c1)N(c1ccccc1)c1ccc(Cl)cc1[*])N(c1ccccc1)c1ccc(Cl)cc1[*],Tg,336.9767986
361,Brc1ccc(cc1)N(c1ccccc1)c1cc(cc(c1[*])N(c1ccccc1)c1ccc(Br)cc1)N(c1ccccc1)c1ccc(Br)cc1[*],Tg,344.9848314
362,c1ccc2c(c1)n(c1ccc(cc1)N(c1ccc(cc1)n1c3ccccc3c3ccc([*])cc13)c1ccc(cc1)n1c3ccccc3c3ccc([*])cc13)c1ccccc21,Tg,422.9606843
363,c1ccc2c(c1)n(c1ccc(cc1[*])c1cc(cc(c1)c1ccc(cc1)n1c3ccccc3c3ccccc13)c1ccc(cc1[*])n1c3ccccc3c3ccccc13)c1ccccc21,Tg,445.0409766
364,c1ccc(cc1)c1ccc(cc1)c1ccc(cc1)N(c1ccc(cc1)c1ccc(cc1)c1ccc([*])cc1)c1ccc(cc1)c1ccc(cc1)c1ccc([*])cc1,Tg,405.0419451
365,c1ccc2c(c1)n(c1cc(cc(c1)n1c3ccccc3c3ccc([*])cc13)n1c3ccccc3c3ccc([*])cc13)c1ccccc21,Tg,399.0249024
366,c1ccc(cc1)c1ccc(cc1)c1cc(cc(c1)c1ccc(cc1)c1ccc([*])cc1)c1ccc(cc1)c1ccc([*])cc1,Tg,360.9940136
367,Cc1cccc(c1[*])N(c1ccccc1)c1ccc(cc1)c1ccc(cc1)N(c1ccccc1)c1cccc(C)c1[*],Tg,337.9870029
368,c1ccc(N(c2cc(N(c3ccccc3)c3cc([*])cs3)cc(N(c3ccccc3)c3cc([*])cs3)c2)c2cccs2)cc1,Tg,311.0283669
369,c1cc(cs1)N(c1ccccc1)c1cc(cc(c1)N(c1cc([*])sc1)c1ccccc1)N(c1cc([*])sc1)c1ccccc1,Tg,319.0068436
370,c1ccc(cc1[*])N(c1ccccc1)c1ccc(cc1)c1nnc(o1)c1ccc(cc1)c1nnc(o1)c1ccc(cc1)N(c1ccccc1)c1ccc(cc1[*]),Tg,395.0026416
371,s1c(ccc1c1ccc(cc1)N(c1ccccc1)c1ccc2cc(ccc2c1)[*])c1ccc(cc1)N(c1ccccc1)c1ccc2cc(ccc2c1)[*],Tg,363.9988403
372,[*]Cc1ccc(cc1)N(c1ccc(C)cc1)c1ccc(cc1)c1ccc(s1)c1ccc(s1)c1ccc(s1)c1ccc(s1)c1ccc(cc1)N(c1ccc(C)cc1)c1ccc(C([*]))cc1,Tg,371.0222886
373,CCCCC(CC)CC1(C(CC)CCCC)c2cc(ccc2c2ccc(cc12)c1nnc(o1)c1ccc(cc1[*])N(C)C)c1nnc(o1)c1ccc(cc1[*])N(C)C,Tg,353.0205604
374,CCCCCCCCCC1(CCCCCCCC)c2cc(ccc2c2ccc(cc12)c1nnc(o1)c1ccc(cc1[*])N(C)C)c1nnc(o1)c1ccc(cc1[*])N(C)C,Tg,353.0205604
375,Cn1c2ccc(cc2c2cc(ccc12)N(c1ccccc1)c1cccc2ccc(cc12)[*])N(c1ccccc1)c1cccc2ccc(cc12)[*],Tg,393.0067413
376,Cn1c2ccc(cc2c2cc(ccc12)N(c1ccc(cc1)[*])c1ccc2ccc3cccc4ccc1c2c34)N(c1ccc(cc1)[*])c1ccc2ccc3cccc4ccc1c2c34,Tg,446.9922568
377,Cn1c2ccc(cc2c2cc(ccc12)N(c1ccccc1)c1cccc2ccc(cc12)[*])N(c1ccccc1)c1cccc2ccc(cc12)[*],Tg,396.0043896
378,CC1(C)c2ccccc2c2ccc(cc12)N(c1ccccc1)c1cc2c(cc1)n(c1ccc(cc21)N(c1ccccc1)c1cc2c(cc1[*])c1c(cccc1)C2(C)C)c1ccccc1[*],Tg,405.0419451
379,Cn1c2ccc(cc2c2cc(ccc12)N(c1ccc([*])cc1)c1ccc2ccc3cccc4ccc1c2c34)N(c1ccc([*])cc1)c1cccc2ccccc12,Tg,446.9922568
380,Cc1cc(C)c(B(c2ccc(s2)c2ccc(cc2[*])N(c2ccc3c(c2)c2ccccc2C3(C)C)c2ccc3c4ccccc4C(C)(C)c3c2)c2c(C)cc(C)cc2C)c(C)c1[*],Tg,397.0086781
381,COc1ccc(cc1[*])N(c1cc2c(cc1)n(c1ccc(cc21)N(c1ccc(OC)cc1[*])c1ccc2ccc3c4c(ccc1c24)ccc3)c1ccccc1)c1ccc2ccc3c4c(ccc1c24)ccc3,Tg,456.036916
382,c1ccc(cc1[*])N(c1ccc2n(c3ccccc3)c3ccc(cc3c2c1)N(c1ccccc1[*])c1ccc2ccc3cccc4ccc1c2c34)c1ccc2ccc3cccc4ccc1c2c34,Tg,453.0018754
383,Cc1ccc(cc1[*])N(c1ccc2n(c3ccccc3)c3ccc(cc3c2c1)N(c1ccc(C)cc1[*])c1ccc2ccc3cccc4ccc1c2c34)c1ccc2ccc3cccc4ccc1c2c34,Tg,456.9829533
384,CCN1Cc2ccccc2c2cc(ccc12)c1ccc(s1)c1cc(cc(c1)c1ccc(s1)c1ccc2N(C)Cc3ccccc3c2c1[*])c1ccc(s1)c1ccc2N(C([*])C)Cc3ccccc3c2c1,Tg,416.0063885
385,c1ccc(cc1[*])N(c1ccccc1)c1ccc(cc1[*])N(c1ccccc1)c1cc(cc(c1)N(c1ccccc1)c1ccc(cc1)N(c1ccccc1)c1ccccc1)N(c1ccccc1)c1ccc(cc1)N(c1ccccc1)c1ccccc1,Tg,380.0143529
386,c1ccc(cc1[*])N(c1ccc(cc1[*])c1ccc(cc1)N(c1ccccc1)c1cccc2ccccc12)c1cccc2ccccc12,Tg,367.959483
387,[*]Cc1cccc(c1)N(c1ccccc1)c1nc(nc(n1)N(c1ccccc1)c1cccc(C([*]))c1)N(c1ccccc1)c1cccc(C)c1,Tg,314.9923453
388,[*]Cc1ccccc1N(c1ccccc1)c1nc(nc(n1)N(c1ccccc1)c1ccccc1C)N(c1ccccc1)c1ccccc1C[*],Tg,328.0197551
389,[*]Cc1cccc(c1)N(c1ccccc1)c1cc(cc(c1)N(c1ccccc1)c1cccc(C)c1)N(c1ccccc1)c1cccc(C([*]))c1,Tg,319.9631767
390,[*]Cc1ccccc1N(c1ccccc1)c1cc(cc(c1)N(c1ccccc1)c1ccccc1C)N(c1ccccc1)c1ccccc1C[*],Tg,314.9923453
391,[*]Cc1ccc(cc1)N(c1ccccc1)c1cc(cc(c1)N(c1ccccc1)c1ccc(C)cc1)N(c1ccccc1)c1ccc(C([*]))cc1,Tg,328.0197551
392,[*]Cc1ccc(cc1)N(c1ccc(C)cc1)c1ccc(cc1)c1ccc(s1)B(c1c(C)cc(C)cc1C)c1c(C)cc(C)cc1C[*],Tg,357.026128
393,[*]Cc1ccccc1N(c1ccccc1)c1ccc(cc1)N(c1ccc(cc1)N(c1ccccc1)c1ccccc1C)c1ccc(cc1)N(c1ccccc1)c1ccccc1C[*],Tg,348.9795674
394,[*]Cc1ccc(cc1)N(c1ccccc1)c1ccc(cc1)N(c1ccc(cc1)N(c1ccccc1)c1ccc(C)cc1)c1ccc(cc1)N(c1ccccc1)c1ccc(C([*]))cc1,Tg,353.0205604
395,c1ccc(cc1[*])N(c1ccccc1)c1ccc(cc1[*])N(c1ccc(cc1)N(c1ccccc1)c1ccccc1)c1ccc(cc1)N(c1ccccc1)c1ccccc1,Tg,361.9928562
396,[*]Cc1cccc(c1)N(c1ccccc1)c1ccc(cc1)c1cc(cc(c1)c1ccc(cc1)N(c1ccccc1)c1cccc(C)c1)c1ccc(cc1)N(c1ccccc1)c1cccc(C([*]))c1,Tg,378.0071373
397,[*]Cc1ccccc1N(c1ccccc1)c1ccc(cc1)c1cc(cc(c1)c1ccc(cc1)N(c1ccccc1)c1ccccc1C)c1ccc(cc1)N(c1ccccc1)c1ccccc1C[*],Tg,382.0322269
398,[*]Cc1ccc(cc1)N(c1ccccc1)c1ccc(cc1)c1cc(cc(c1)c1ccc(cc1)N(c1ccccc1)c1ccc(C)cc1)c1ccc(cc1)N(c1ccccc1)c1ccc(C[*])cc1,Tg,383.0010812
399,c1ccc(cc1[*])N(c1ccccc1)c1ccc(cc1[*])c1cc(cc(c1)c1ccc(cc1)N(c1ccccc1)c1ccccc1)c1ccc(cc1)N(c1ccccc1)c1ccccc1,Tg,394.0034276
400,[*]CC(C)(C)c1ccc(cc1)c1ccc(cc1)c1ccc2c3ccc(cc3C3(c4ccccc4c4ccccc34)c2c1)c1ccc(cc1)c1ccc(cc1)C(C)(C)C[*],Tg,467.9505909
401,[*]CCn1c2ccccc2c2cc(ccc12)c1ccc(s1)c1ccc2n(c3ccccc3)c3ccc(cc3c2c1)c1ccc(s1)c1ccc2c(c1)n(CC[*])c1ccccc21,Tg,414.9540426
402,s1c(ccc1c1cc(cc(c1[*])c1ccc(s1)c1ccc(cc1)N(c1ccccc1)c1ccccc1)c1ccc(s1)c1ccc(cc1[*])N(c1ccccc1)c1ccccc1)c1ccc(cc1)N(c1ccccc1)c1ccccc1,Tg,398.0155135
403,[*]CC(C)(C)c1ccc(cc1)c1nnc(o1)c1cc(cc(c1)c1nnc(o1)c1ccc(cc1)C(C)(C)C)c1nnc(o1)c1ccc(cc1)C(C)(C)C[*],Tg,410.0152405
404,*CCOC(=O)C(=C)C*,Tg,393.0067413
405,[*]C=C([*])C(=O)OC1=C(C(=C(C(=C1Cl)Cl)Cl)Cl)Cl,Tg,419.9523347
406,[*]CC1(C2CCC1(C(C2)OC(=O)C=C)C)C[*],Tg,368.9775986
407,[*]CC(C)C(=C)C=C[*],Tg,221.0039317
408,[*]CCCCCCC(C)OC(=O)C=C[*],Tg,227.9817064
409,[*]CCCCCCCC(=C([*]))C([O-])=O,Tg,235.0173906
410,[*]CC(C)CCCC=C[*],Tg,239.0011551
411,BrC(=C([*]))C=C[*],Tg,240.9905429
412,[*]CC(C)COC(=O)C=C[*],Tg,249.0003743
413,[*]C=C([*])C1=CC=CC2=CC=CC=C21,Tg,432.0161676
414,[*]C=C([*])C1=CC2=CC=CC=C2C=C1,Tg,424.0333354
415,[*]C1C(O1)COc1ccc([*])cc1,Tg,314.9923453
416,C1=CC=C(C=C1)C(=C(F)[*])[*],Tg,475.0069894
417,[*]COC(=O)C(=C([*]))C#N,Tg,433.0120677
418,[*]OC([*])C1=C(C=C)C=CC=C1,Tg,433.0120677
419,[*]CSC=C[*],Tg,272.0194762
420,[*]CCCC(=O)OC=C[*],Tg,277.9713268
421,[*]CCCCCCOCC1=CC=C(C=C([*]))C=C1,Tg,277.9713268
422,[*]CCC(CC)COC(=O)C(=C([*]))C,Tg,283.9880071
423,[*]CCCCCCCCOC1=C(C=C([*]))C=CC=C1,Tg,286.0223694
424,CC(C)(C)C(=C([*]))C=C[*],Tg,293.021846
425,[*]CCCOCC1=CC=C(C=C([*]))C=C1,Tg,294.9850457
426,CC(=C([*]))C(=O)OCC(C)(C)C[*],Tg,305.9849035
427,C(CCCCCC(=O)O([*]))CCCCCN[*],Tg,310.0273442
428,[*]C=C([*])CCC1CCCCC1,Tg,312.9680472
429,C(CCCCCN[*])CCCCC(=O)O[*],Tg,314.9923453
430,C(CCCCC(=O)O([*]))CCCCN[*],Tg,316.009399
431,[*]CCCCOC1=CC=C(C=C([*]))C=C1,Tg,319.9631767
432,C(CCCCN([*]))CCCC(=O)O[*],Tg,323.9664224
433,C(CCCC(=O)O([*]))CCCN[*],Tg,323.9664224
434,C(=C(F)[*])(C([*])(F)F)F,Tg,425.0108332
435,C(CCCN([*]))CCC(=O)O[*],Tg,329.9894079
436,[*]CC(C)CCOC1=CC=C(C=C[*])C=C1,Tg,329.9894079
437,[*]C1CCC(=O)N([*])CC1,Tg,334.9654392
438,[*]CCCOC1=CC=C(C=C([*]))C=C1,Tg,343.0046439
439,[*]CC(COC(=O)C(=C([*]))C)O,Tg,348.9795674
440,[*]COCC1=CC=C(C=C([*]))C=C1,Tg,350.0257542
441,[*]CCC(C)C1=CC=C(C=C([*]))C=C1,Tg,359.004589
442,[*]CCOC1=CC=C(C=C([*]))C=C1,Tg,359.004589
443,[*]CC(C)C1=CC=C(C=C([*]))C=C1,Tg,359.997927
444,CC1=C(C=C([*]))C=C(C=C1)C(C)(C)C[*],Tg,359.997927
445,[*]COC1=CC(C)=C(C=C([*]))C=C1,Tg,362.9944626
446,[*]CC1=CC(=CC=C1)C=C[*],Tg,369.9985312
447,FC1=CC(C=C([*]))=C([*])C=C1,Tg,374.024456
448,[*]CCC1=C(C=C([*]))C=CC=C1,Tg,376.0105237
449,[*]CC1=CC(C=C([*]))=CC(C)=C1,Tg,376.9641066
450,[*]C=C([*])C1=NC=CC=C1,Tg,376.9641066
451,FC1=C(C([*])=C([*]))C=CC=C1,Tg,378.0071373
452,[*]C=C([*])C1=CC(=CC=C1)Cl,Tg,362.9944626
453,Fc1c(F)c(F)c(C(=C[*])[*])c(F)c1F,Tg,378.0071373
454,[*]CC1=C(C)C=C(C=C([*]))C=C1,Tg,383.9723926
455,[*]CC1=CC(C=C([*]))=C(F)C=C1,Tg,383.9723926
456,[*]CC1=CC(C)=C(C=C([*]))C=C1,Tg,385.0348147
457,[*]COC(=O)C1=CC=C(C=C([*]))C=C1,Tg,386.0112837
458,[*]CC1=C(Cl)C=CC(C=C([*]))=C1,Tg,386.9902292
459,ClC1=CC(C(=C[*])[*])=C(Cl)C=C1,Tg,393.0067413
460,[*]CC(=C([*]))C#N,Tg,393.0067413
461,[*]CC=CC1=CC=C(C[*])C=C1,Tg,394.0034276
462,Fc1c(Cl)cc([*])c(C(=C[*]))c1,Tg,395.0026416
463,[*]OCC1=CC=CC(C=C([*]))=C1,Tg,398.0155135
464,[*]C=C([*])C1=CC(=C(C=C1)Cl)Cl,Tg,400.9590312
465,[*]CC(C)(C)C1=CC=C(C=C([*]))C=C1,Tg,401.975885
466,ClC1=CC(Cl)=C(C=C([*])[*])C=C1,Tg,405.9756633
467,[*]C=C([*])C1=CC=C(C=C1)C1=CC=CC=C1,Tg,410.9604233
468,[*]CC1=CC=CC=C1C=C[*],Tg,408.9780501
469,[*]OCC1=CC=C(C=C([*]))C=C1,Tg,413.047502
470,[*]C=C([*])C1=CC=NC=C1,Tg,414.9540426
471,[*]CC1=CC(C=C([*]))=C(C)C=C1,Tg,416.0063885
472,[*]C=C([*])C1=CC=C(C=C1)Br,Tg,416.9653822
473,[*]CC1=C(C=C([*]))C=CC(Cl)=C1,Tg,418.022829
474,[*]C=C([*])N1CCCC1=O,Tg,418.022829
475,[*]CCCCOC(=O)CCCCC(=O)OCCCC[*],Tg,205.0217801
476,[*]C1CCCCCOC(=O)CCCCC(=O)OCCCC1[*],Tg,217.0201204
477,[*]C1CCCC(=O)OCCOC(=O)CCC1[*],Tg,227.9817064
478,[*]C1CCC(=O)OCCOC(=O)C1[*],Tg,233.0236497
479,[*]C1CCCC(=O)OCCOC(=O)CCC1[*],Tg,242.9964898
480,[*]C(F)C(F)(F)C(F)(F)C(F)(F)c1ncnc(n1)C(F)(F)C(F)(F)OC(F)(F)[*],Tg,254.9764088
481,[*]C(OC(F)(F)C(F)(F)C(F)(F)C(F)(F)C(F)(F)C(F)(F)OC(F)(c1ncnc(n1)C(F)(F)F)C(F)(F)F)C(F)(F)[*],Tg,260.0159563
482,C1CCCN(CC1)C(=O)C([*])CCCCCCCC(=O)N[*],Tg,312.9680472
483,C1CCCCCN(CCCC1)C(=O)C([*])CCCCCCCC(=O)N[*],Tg,319.0068436
484,[*]CCc1c(C)ccc(C[*])c1,Tg,297.9888403
485,[*]Cc1cc(C[*])c(C)cc1,Tg,328.0197551
486,*CCC=C*,Tg,227.9817064
487,[*]CC1=CC=C(C=C1)C=C[*],Tg,374.024456
488,C1CCCN(CC1)C(=O)C([*])CCCC(=O)N[*],Tg,329.9894079
489,Cc1cc(Br)c(C([*])[*])cc1,Tg,353.0205604
490,Cc1cc(C#N)c(C([*])[*])cc1,Tg,362.9944626
491,FC([*])(F)c1ccc(cc1)C([*])(F)F,Tg,362.9944626
492,Cc1cc(C[*])c(C[*])cc1C,Tg,372.9924148
493,[*]C(F)(F)C1C(F)(F)C(F)C(F)(F)C1(F)[*],Tg,390.0317845
494,Oc1ccc(Oc2ccc(Oc3cc4c(cc3[*])C(=O)N(CCCCCCN3C(=O)c5ccccc5C3=O)C4=O)cc2[*])cc1,Tg,400.9590312
495,[*]Oc1ccc(cc1)C(Cl)(Cl)Cc1ccc(OC(=O)[*])cc1,Tg,430.0312336
496,[*]Oc1ccc(Sc2ccc(OC(=O)[*])cc2)cc1,Tg,387.9716573
497,[*]CC([*])(c1ccc(O)cc1)c1ccc(OC=O)cc1,Tg,402.9953175
498,[*]CCC(C)(c1ccc(O)cc1)c1ccc(OC(=O)[*])cc1,Tg,407.0052394
499,[*]CCCC(C)(c1ccc(O)cc1)c1ccc(OC(=O)[*])cc1,Tg,410.0152405
500,[*]Oc1ccc(Cc2ccc(OC(=O)[*])cc2)cc1,Tg,419.9523347
501,[*]CCCC(c1ccc(O)cc1)c1ccc(OC(=O)[*])cc1,Tg,396.0043896
502,[*]c1ccc(cc1)C(=O)c1ccc(cc1)Oc1ccc(cc1)O[*],Tg,418.9864711
503,[*]CCCC(CCC)(c1ccc(O)cc1)c1ccc(OC(=O)[*])cc1,Tg,421.0173564
504,[*]CC(C)C(c1ccc(O)cc1)c1ccc(OC(=O)[*])cc1,Tg,421.9879017
505,[*]Oc1ccc(cc1)C1(CCCC1)c1ccc(OC(=O)[*])cc1,Tg,440.0479478
506,[*]Oc1ccc(cc1)C1(CCCCC1)c1ccc(OC(=O)[*])cc1,Tg,444.0174108
507,[*]Oc1ccc(cc1)C(c1ccc(OC(=O)[*])cc1)(C(F)(F)F)C(F)(F)F,Tg,448.9520924
508,[*]CC(c1ccccc1)(c1ccc(O)cc1)c1ccc(OC(=O)[*])cc1,Tg,448.9520924
509,[*]C(F)=C([*])c1c(F)c(F)c(F)c(F)c1F,Tg,466.9818486
510,[*]Cc1cc(cc(C)c1O)C(C)(C)c1cc(C)c(OC(=O)[*])c(C)c1,Tg,473.0423244
511,[*]C1=C(O[*])C(C)=C([H])C(C)=C1,Tg,481.9477976
512,[*]c1ccc(Sc2ccc(Oc3cc4c(cc3[*])C(=O)N(C4=O)c3cccc(c3)N3C(=O)c4ccccc4C3=O)cc2)cc1O,Tg,481.9477976
513,[*]Oc1ccc(Oc2ccc(Oc3cc4c(cc3)C(=O)N(C4=O)c3cccc(c3)N3C(=O)c4ccccc4C3=O)cc2)cc1[*],Tg,500.034535
514,[*]C(=O)Oc1ccc(cc1)C1(C2CCC(C2)C1)c1ccc(cc1)O[*],Tg,505.0100257
515,[*]Oc1ccc(cc1)C(=O)c1ccc(Oc2cc3c(cc2)C(=O)N(C3=O)c2cccc(c2)N2C(=O)c3ccccc3C2=O)cc1[*],Tg,512.0354149
516,[*]C(=O)Oc1ccc(cc1)C1(CC2C3CCCC3C1C2)c1ccc(cc1)O[*],Tg,519.9959965
517,[*]Oc1ccc(cc1)c1ccc(Oc2cc3c(cc2)C(=O)N(C3=O)c2cccc(c2)N2C(=O)c3ccccc3C2=O)cc1[*],Tg,519.9959965
518,[*]c1nc2c(cccc2)c(c1)c1ccc(cc1)Oc1ccc(cc1)c1c2c(cccc2)nc(c1)c1ccccc1[*],Tg,541.0034069
519,[*]c1nc2c(cccc2)c(c1c1ccccc1)c1ccc(cc1)Oc1ccc(cc1)c1c2c(cccc2)nc(c1c1ccccc1)c1ccccc1[*],Tg,546.0092498
520,[*]C1Cc2c1cccccnc1c2cc(cc1)Oc1ccc2c(c1)c(c1ccccc1)cc(n2)c1ccccc1[*],Tg,573.0598741
521,[*]C(=O)c1ccc(cc1)C(CCCCCC1C(=O)O1)c1ccc(cc1)C(=O)Oc1ccc(cc1)c1ccc(cc1)O[*],Tg,579.9626158
522,[*]C(=O)c1ccc(cc1)C(CCCCCC1C(=O)O1)c1ccc(cc1)C(=O)Oc1ccc(cc1)C(CCCCCC1C(=O)O1)c1ccc(cc1)O[*],Tg,583.0422138
523,[*]C(=O)c1ccc(cc1)C(CCCCCC1C(=O)O1)c1ccc(cc1)C(=O)Nc1ccc(cc1)Oc1ccc(cc1)N[*],Tg,593.0618664
524,[*]N1C(=O)c2c(C1=O)ccc(c2)C(=O)c1ccc2c(c1)C(=O)N(C2=O)c1ccccc1[*],Tg,606.0382005
525,[*]N1C(=O)c2c(C1=O)ccc(c2)Oc1ccc2c(c1)C(=O)N(C2=O)c1ccccc1[*],Tg,615.0352393
526,[*]c1c2c1cccccc1c2c2c(nccccc1)ccc(c2)Oc1ccc2c(c1)c(c1ccccc1)c(c1ccccc1)c(n2)c1ccccc1[*],Tg,618.0164001
527,[*]C(=O)c1ccc(cc1)C(CCCCCC1C(=O)O1)c1ccc(cc1)C(=O)Nc1ccc(cc1)C(CCCCCC1C(=O)O1)c1ccc(cc1)N[*],Tg,657.9607697
528,[*]c1c2c1ccccc[nH]c1c([nH]2)cc2c(c1)nc(c(n2)c1ccccc1)c1ccccc1[*],Tg,668.0362047
529,[*]C(=O)c1ccc(cc1)C(CCCCCC1C(=O)O1)c1ccc(cc1)C(=O)Nc1ccc(cc1)C(CCCCCC1C(=O)N1)c1ccc(cc1)N[*],Tg,672.9766563
530,[*]C1COC(=O)C2=CC=C([*])C(=C2)C(=O)O1,Tg,323.9664224
531,[*]C(=O)CCC(C)CCO[*],Tg,219.9885109
532,[*]C(=O)C(C)CCCC(C)O[*],Tg,239.9937877
533,[*]C(=O)c1c2c(cccc2)c(cc1)C(=O)OCCO[*],Tg,336.9767986
534,[*]C(=O)c1cccc2c(cccc12)C(=O)OCCO[*],Tg,344.0329188
535,C1C([*])OC2=C(C=CC1=C2)C(=O)OOC(=O)C3=CC=CC([*])=C3,Tg,354.9768245
536,[*]c1ccc(cc1)S[*],Tg,359.997927
537,[*]C(=O)c1ccc2cc(ccc2c1)C(=O)OCCO[*],Tg,397.0086781
538,[*]C1CCCN(CC1)C(=O)C2=CC=CC(=C2)C(=O)N[*],Tg,402.9953175
539,[*]OC(=O)c1cccc(c1)C(=O)Oc2cccc(c2)O[*],Tg,410.9604233
540,[*]C1=CC(=CC(=C1)C(=O)N2C3=CC2=CC=C3)C(=O)N[*],Tg,545.0043893
541,[*]Oc1ccc(cc1)C(=O)[*],Tg,419.9523347
542,[*]CC(=C1C=CC=CC1C2=CC=C(C=C2)OCC(CO)O)C[*],Tg,372.9924148
543,CC(C)(c1ccc(Oc2cc3c(cc2)C(=O)OC(=O)[*])cc1)c1ccc(Oc2cc3c(cc2)C(=O)OC(=O)[*])cc1,Tg,492.9467413
544,[*]CC(=C[*])C,Tg,199.0215022
545,[*]CC(=C[*])C1=CC=CC=C1,Tg,408.9780501
546,[H]OC([*])CCC[*],Tg,190.0203003
547,[*]CCC(C)OC=C[*],Tg,252.9880456
548,CCCCC(=C[*])C=C[*],Tg,191.9994568
549,[*]CCCCCCOC([*])C1CO1,Tg,188.0182473
550,CCCC(=C[*])C=C[*],Tg,196.0198263
551,CCC(=C[*])C=C[*],Tg,197.0153207
552,[*]CC1C([*])O1,Tg,206.015549
553,[*]COC([*])C1CO1,Tg,211.0085242
554,[*]CC=CC=C[*],Tg,213.0100037
555,[*]OCCCCCC(=O)[*],Tg,213.0100037
556,[*]CC1=CC(=C(C=C1)OC)CCN[*],Tg,378.9657838
557,[*]COC(=O)C=C[*],Tg,280.9959109
558,[*]C=CC(=O)OCC[*],Tg,251.0151881
559,[*]CCC1=CC(=CC(=C1)C)C[*],Tg,252.9880456
560,[*]CC(C)(C)OC(=O)C=C[*],Tg,314.9923453
561,[*]CCCCOC(=O)C=C[*],Tg,218.9777555
562,[*]CC(=C)C(=O)OC[*],Tg,378.0071373
563,[*]CC(=C)C(=O)OCC[*],Tg,323.9664224
564,[*]CC(=C([*]))C(=O)OC(C)C,Tg,326.9640468
565,[*]CCC(=C([*]))C(Cl)=O,Tg,366.0159406
566,[*]CC(=C([*]))C(=O)OCCCl,Tg,365.0059971
567,[*]CC(=C([*]))C(=O)OC(C)(C)C,Tg,380.0143529
568,[*]CC(=C([*]))C(=O)Oc1ccccc1,Tg,393.0067413
569,[*]CCOC(=O)c1ccc(C(=O)OCC([*]))cc1,Tg,344.9848314
570,CC(=C([*]))C(=O)OCCCCCCCC[*],Tg,252.9880456
571,[*]C=CC(=O)OCCCCCCCCC[*],Tg,216.0230035
572,[*]CCCCCCOC(=O)C=C[*],Tg,216.0230035
573,[*]CCCOC(=O)C=C[*],Tg,228.9812912
574,CC(=C[*])C(=O)OCCC(C)(C)C[*],Tg,317.9801428
575,[*]CC([*])OC(=O)C1=CC2=C(N1)C(=CC=C2)Br,Tg,329.9894079
576,[*]CCCCCCOC(=O)C(C)=C[*],Tg,267.9785297
577,[*]CCCCOC(=O)C(C)=C[*],Tg,293.021846
578,CC(=C([*]))C(=O)OCCOC[*],Tg,293.021846
579,[*]C=COC(=O)C(Cl)[*],Tg,304.0184917
580,[*]CCCOC(=O)C(C)=C[*],Tg,305.9849035
581,[*]C=CC(=O)OC(C)C[*],Tg,270.0225287
582,[*]CC(C)COC(=O)C(C)=C[*],Tg,393.0067413
583,[*]CC(C)CCOC(=O)C(C)=C[*],Tg,294.171097
584,[*]CCCCC(CC)COC(=O)C(C)=C[*],Tg,267.1775727
585,[*]CCCCCC(CCC)COC(=O)C(C)=C[*],Tg,258.1665672
586,[*]CCCCCCCCCCCCCOC(=O)C(C)=C[*],Tg,242.1586573
587,[*]CCCCCCCCCCCCCCCCCOC(=O)C(C)=C[*],Tg,222.1263089
588,[*]CCCCCCCCCCCCCCCCCCCCCOC(=O)C(C)=C[*],Tg,218.1724959
589,CC(=C([*]))C(=O)OCCN(C)C[*],Tg,273.1492422
590,CC(=C([*]))C(=O)OCCNC(C)(C)C[*],Tg,295.1209227
591,[*]CN(C)CCCOC(=O)C(C)=C[*],Tg,267.1775727
592,[*]CN(C)CCOCCOC(=O)C(C)=C[*],Tg,231.1532479
593,[*]CN(C)CCN(C)CCOC(=O)C(C)=C[*],Tg,218.1724959
594,[*]COC(=O)C=C[*],Tg,283.1391996
595,[*]CCCCCCOC(=O)C=C[*],Tg,213.1571967
596,[*]CC(C)(C)OC(=O)C=C[*],Tg,317.1757679
597,[*]CC(C)CCOC(=O)C=C[*],Tg,236.1565524
598,[*]C=C([*])C(=O)OC1CCCCC1,Tg,303.179617
599,[*]CCCCC(CC)COC(=O)C=C[*],Tg,209.1702907
600,[*]CCCCCC(CCC)COC(=O)C=C[*],Tg,206.1579087
601,[*]CC(C)CCCCCCOC(=O)C=C[*],Tg,205.1634531
602,[*]CCCCCCCCCCCCCCCCCOC(=O)C=C[*],Tg,209.1702907
603,[*]CCCCCCCCCCCCCCCCCCCCCOC(=O)C=C[*],Tg,208.1613041
604,[*]CCCCCCCCCCCCCCCCOC(=O)C(C)=C[*],Tg,288.0049817
605,[*]CCN(CC)CCOC(=O)C(C)=C[*],Tg,289.0014355
606,[*]CC(C)N(C(C)C)C(=O)C=C[*],Tg,393.0067413
607,[*]C(F)(F)COCCOC(=O)C=C[*],Tg,235.0173906
608,[*]CC(=C([*]))C(=O)OCC(C(C(C(C(C(F)F)(F)F)(F)F)(F)F)(F)F)(F)F,Tg,286.0223694
609,CC(=C([*]))C(=O)NC(C)(C)C[*],Tg,433.0120677
610,[*]CCC(C)NC(=O)C=C[*],Tg,390.0317845
611,[*]CC(C)(C)NC(=O)C=C[*],Tg,400.9590312
612,[*]CCCCN(CCCC)C(=O)C=C[*],Tg,332.9660852
613,[*]CCCCCCCCCCCCNC(=O)C=C[*],Tg,280.0270595
614,[*]CC(C)CCCCCCCNC(=O)C=C[*],Tg,312.9680472
615,[*]CC(C)CCCNC(=O)C=C[*],Tg,344.0329188
616,[*]CC(C)CCCCCCNC(=O)C=C[*],Tg,325.0124519
617,[*]CC(C)CCCCCNC(=O)C=C[*],Tg,339.0002356
618,[*]CC(C)NC(=O)C=C[*],Tg,402.9953175
619,[*]CCCC(C)NC(=O)C=C[*],Tg,380.0143529
620,[*]CN(C1=CC=CC=C1)C(=O)C=C[*],Tg,453.0018754
621,[*]CCCCCCCCCCCCCCCCCCNC(=O)C=C[*],Tg,161.9943994
622,[*]C=C([*])C(=O)NN1CCCCC1,Tg,380.9780898
623,[*]CC(=C([*]))C(=O)NC1=CC=C(C=C1)C(O)=O,Tg,473.0423244
624,[*]CCOC(=O)C1=CC=C(NC(=O)C(C)=C([*]))C=C1,Tg,440.9608165
625,[*]COC(=O)C1=CC=C(NC(=O)C(C)=C([*]))C=C1,Tg,453.0018754
626,[*]C=CC(=O)OC([*])C1=CC=CC=C1,Tg,278.9972997
627,[*]C=C([*])C(=O)Oc1ccc(cc1)c1ccccc1,Tg,383.0010812
628,[*]CCC(C)OC(=O)C=C[*],Tg,249.9769702
629,[*]CC(C)(C)C1=C(OC(=O)C=C([*]))C=CC=C1,Tg,344.9848314
630,[*]CC(C)(C)C1=CC=C(OC(=O)C=C([*]))C=C1,Tg,344.0329188
631,ClC1=C(OC(=O)C(=C([*]))[*])C=CC=C1,Tg,325.9867889
632,[*]C=C([*])C(=O)OC1=CC=C(C=C1)Cl,Tg,330.9786651
633,[*]CC(C)(COC(=O)C=C([*]))C#N,Tg,323.9664224
634,[*]C=C([*])C(=O)OCCC#N,Tg,277.0129039
635,[*]CCCCC(COC(=O)C=C([*]))C#N,Tg,358.0139918
636,[*]C=C([*])C(=O)OC1=CC=C(C=C1)C#N,Tg,362.9944626
637,[*]CC(C)(OC(=O)C=C([*]))C#N,Tg,339.0002356
638,[*]CC(C)CC(C)OC(=O)C=C[*],Tg,257.9882936
639,[*]CCCCCCCCCCCCOC(=O)C=C[*],Tg,270.0225287
640,[*]CCOC(=O)C1=C(OC(=O)C=C([*]))C=CC=C1,Tg,302.9702603
641,[*]CCOC(=O)C1=CC=CC(OC(=O)C=C([*]))=C1,Tg,297.0297844
642,[*]CCOCCCOC(=O)C=C[*],Tg,218.0218397
643,[*]C(F)OC(=O)C=C[*],Tg,288.0049817
644,[*]C=C([*])C(=O)OCC(C(C(F)(F)F)(F)F)(F)F,Tg,242.9964898
645,FC(F)(F)OC(F)(F)C(F)(F)COC(=O)C([*])=C[*],Tg,218.0218397
646,[*]C=C([*])C(=O)OC(C(F)(F)F)(C(F)(F)F)F,Tg,283.0088392
647,[*]CCCCCCCCCCCCCCCCOC(=O)C=C[*],Tg,308.0349537
648,[*]C=C([*])C(=O)OCCCSCCC#N,Tg,214.980961
649,CC(CCOC(=O)C=C([*]))OC[*],Tg,217.0201204
650,[*]COC(=O)C1=CC=CC(OC(=O)C=C([*]))=C1,Tg,311.0283669
651,[*]COC(=O)C1=CC=C(OC(=O)C=C([*]))C=C1,Tg,340.0165058
652,[*]COC1=CC=C(OC(=O)C=C([*]))C=C1,Tg,323.9664224
653,[*]COCCCOC(=O)C=C[*],Tg,198.0158708
654,[*]CCC(C)COC(=O)C=C[*],Tg,240.9905429
655,[*]CCCC(C)COC(=O)C=C[*],Tg,235.0173906
656,[*]C=C([*])C(=O)OC1=CC2=CC=CC=C2C=C1,Tg,358.0139918
657,FC(F)(F)C(F)(F)OC(F)(F)C(F)(F)COC(=O)C([*])=C[*],Tg,223.9752345
658,FC(F)(F)C(F)(F)C(F)(F)C(F)(F)COC(=O)C([*])=C[*],Tg,235.9934776
659,[*]C=C([*])C(=O)OCC(C(C(C(F)F)(F)F)(F)F)(F)F,Tg,238.0126282
660,[*]C=C([*])C(=O)OCC(C(F)(F)F)(F)F,Tg,247.0017328
661,[*]C=CC(=O)OCCCC(C)C[*],Tg,266.9930767
662,[*]C=CC(=O)OCC([*])C1=CC=CC=C1,Tg,270.0225287
663,[*]CCCOC(=O)C=C[*],Tg,235.9934776
664,[*]CCCCCCCCCCCCCCOC(=O)C=C[*],Tg,297.0297844
665,[*]C(F)(F)C(F)(F)OCCOC(=O)C=C[*],Tg,251.0151881
666,[*]CSCCOC(=O)C=C[*],Tg,213.0100037
667,[*]CSCCCCOC(=O)C=C[*],Tg,203.001852
668,[*]CCSCCOC(=O)C=C[*],Tg,202.0226204
669,[*]CC1=CC=CC(OC(=O)C=C([*]))=C1,Tg,297.9888403
670,[*]CC1=C(OC(=O)C=C([*]))C=CC=C1,Tg,325.0124519
671,FC(F)(F)C(F)(F)C(F)(F)C(F)(F)OC(F)(F)C(F)(F)COC(=O)C([*])=C[*],Tg,205.0217801
672,FC(F)(F)C(F)(F)C(F)(F)C(F)(F)C(F)(F)COC(=O)C([*])=C[*],Tg,233.9914561
673,[*]C=C([*])C(=O)OCCSCCC#N,Tg,222.997503
674,[*]CCCCOC(=O)C1=CC=C(C=C1)OC(=O)C=C[*],Tg,286.0223694
675,[*]C=C([*])C(=O)OC1=C(C=C(C=C1)Cl)Cl,Tg,332.9660852
676,[*]C=C([*])C(=O)OCCCCC#N,Tg,233.0236497
677,[*]C=C([*])C(=O)OCCOCCC#N,Tg,249.9769702
678,[*]CN(C)C1=CC=CC(OC(=O)C=C([*]))=C1,Tg,319.9631767
679,[*]CCOC(=O)C1=CC=C(OC(=O)C=C([*]))C=C1,Tg,310.0273442
680,[*]CCC(CC)COC(=O)C=C[*],Tg,222.997503
681,FC(F)(F)C(F)(F)C(F)(F)COCCOC(=O)C([*])=C[*],Tg,227.9817064
682,FC(C(F)(F)F)C(F)(F)COC(=O)C([*])=C[*],Tg,251.0151881
683,[*]COC(=O)C1=CC=CC=C1OC(=O)C=C[*],Tg,319.0068436
684,[*]CCCCCCCCCOC(=O)C=C[*],Tg,214.980961
685,[*]CCCCCOC(=O)C=C[*],Tg,216.0230035
686,[*]C(F)(F)C(F)(F)OCCOCCOC(=O)C=C[*],Tg,233.0236497
687,[*]CCSCCCOC(=O)C=C[*],Tg,197.0153207
688,[*]CSCCCOC(=O)C=C[*],Tg,208.017561
689,[*]CC1=CC=C(OC(=O)C=C([*]))C=C1,Tg,316.009399
690,[*]C=C([*])C(=O)OCCCCCCSCC#N,Tg,213.9932132
691,[*]CCCCCC(COC(=O)C=C([*]))C#N,Tg,388.9555744
692,[*]C=C([*])C1=CC=C(C=C1)C(=O)C1=CC=CC=C1,Tg,371.0222886
693,[*]CCCCOC(=O)C1=C(C=C([*]))C=CC=C1,Tg,339.0002356
694,[*]CCCCOC(=O)C1=CC=C(C=C([*]))C=C1,Tg,348.9795674
695,[*]CCCC(=O)C1=CC=C(C=C1)C=C[*],Tg,346.9764505
696,[*]CCN(CC)C(=O)C1=CC=C(C=C([*]))C=C1,Tg,374.9730022
697,[*]CCOC(=O)C1=CC=C(C=C([*]))C=C1,Tg,367.0286785
698,[*]CCOCC1=C(C=C([*]))C=CC=C1,Tg,346.9764505
699,[*]CCOCC1=CC=C(C=C([*]))C=C1,Tg,359.004589
700,[*]CCCCCC(=O)C1=CC=C(C=C1)C=C[*],Tg,339.0002356
701,[*]CCCCCCOC(=O)C1=C(C=C([*]))C=CC=C1,Tg,317.9801428
702,[*]CCCCCCOC(=O)C1=CC=C(C=C([*]))C=C1,Tg,339.0002356
703,[*]CCC(O)COCC1=CC=C(C=C([*]))C=C1,Tg,319.0068436
704,[*]CC(C)COC(=O)C1=CC=C(C=C([*]))C=C1,Tg,362.9944626
705,[*]CC(C)CCOC(=O)C1=C(C=C[*])C=CC=C1,Tg,341.0358227
706,[*]CC(C)CCOCC1=C(C=C([*]))C=CC=C1,Tg,350.9942485
707,[*]CC(C)OC(=O)C1=CC=C(C=C([*]))C=C1,Tg,367.959483
708,[*]CC(C)OCC1=C(C=C([*]))C=CC=C1,Tg,360.9940136
709,[*]CCCCCCCC(=O)C1=CC=C(C=C([*]))C=C1,Tg,322.9981241
710,[*]C=C([*])C1=CC=C(C=C1)C(=O)CC1=CC=CC=C1,Tg,350.9942485
711,[*]CCCOC(=O)C1=CC=C(C=C([*]))C=C1,Tg,365.0059971
712,[*]Cc1ccc(cc1)C(=O)c1ccc(C=C([*]))cc1,Tg,371.9632212
713,[*]CCCCC(=O)C1=CC=C(C=C1)C=C[*],Tg,343.0046439
714,[*]COC1=CC=C(C=C1)C(=O)C1=CC=C(C=C[*])C=C1,Tg,376.0105237
715,[*]CCCCCC(C)(O)C1=CC=C(C=C[*])C=C1,Tg,363.9988403
716,[*]C=C([*])C1=CC=C(C=C1)OC2=CC=CC=C2,Tg,372.9924148
717,[*]CC(=C[*])C(=O)OC1=CC=C(C=C1)C#N,Tg,427.9568675
718,[*]COC(=O)C1=CC=C(OC(=O)C(C)=C([*]))C=C1,Tg,378.9657838
719,CC(=C[*])C(=O)OC1=CC=C(C=C1)C(C)(C)C[*],Tg,371.0222886
720,[*]CC(OC(=O)C(C)=C[*])C(F)(F)F,Tg,353.9973411
721,[*]CC(=C[*])C(=O)OCCC#N,Tg,346.9764505
722,[*]CCC(C)OC(=O)C(C)=C[*],Tg,332.9660852
723,[*]C=C(C)C(=O)OCC([*])C1=CC=CC=C1,Tg,329.0031075
724,[*]C=C(C[*])C(=O)OCCBr,Tg,325.0124519
725,[*]C=C(C)C(=O)OCCOC[*],Tg,297.0297844
726,[*]CCCCCOC(=O)C(C)=C[*],Tg,283.0088392
727,[*]CCCCCCCCCCCCCCOC(=O)C(C)=C[*],Tg,233.0236497
728,[*]CCCCCCCCCCOC(=O)C(C)=C[*],Tg,203.001852
729,[*]CC1CC(N)C([*])C(C)(C)C1,Tg,357.1905825
730,[*]Nc1ccccc1[*],Tg,358.1789013
731,[*]NCC1CCCC(CN[*])C1,Tg,423.1555097
732,[*]NCC1(C)CC(N[*])CC(C)(C)C1,Tg,438.126982
733,[*]Nc1c(CC)cccc1CCc1c(CC)cccc1N[*],Tg,438.126982
734,[*]CC(C)(c1ccc(cc1)Oc1ccc(cc1)N)c1ccc(cc1)Oc1ccc(cc1)N[*],Tg,442.1809211
735,[*]Nc1cccc(N[*])c1,Tg,442.3845998
736,[*]Nc1c(Cl)c(CC)ccc1CCc1c(Cl)c(CC)ccc1N[*],Tg,445.1434629
737,[*]Nc1ccc(C(=O)OCCCOC(=O)c2ccc(N[*])cc2)cc1,Tg,453.106195
738,[*]Nc1ccc(cc1)CCc1ccc(cc1)N[*],Tg,456.1419344
739,[*]Nc1ccc(Oc2ccc(cc2)S(=O)(=O)c2ccc(Oc3ccc(N[*])cc3)cc2)cc1,Tg,456.1419344
740,[*]Nc1cccc(S(=O)(=O)c2cccc(N[*])c2)c1,Tg,457.1934502
741,[*]Nc1ccc(cc1)S(=O)(=O)c1ccc(cc1)N[*],Tg,494.1968808
742,[*]CC(C)C(=O)OC=C[*],Tg,329.0031075
743,[*]CC(OC(=O)C(C)=C[*])C1=CC=CC=C1,Tg,299.0198367
744,CC(=C[*])C(=O)O[Si](C)(C)C[*],Tg,341.0358227
745,[*]CC(=C[*])C(=O)OC1=C(C)C(C)=CC=C1,Tg,398.0155135
746,CC(=C[*])C(=O)OC1=C(C)C=CC=C1C[*],Tg,440.0479478
747,[*]CC(=C[*])C(=O)OC1CCC1,Tg,350.9942485
748,[*]CC(=C[*])C(=O)OC1CCCC1,Tg,348.0166322
749,CC(=C[*])C(=O)OCCC(C)CC(C)(C)C[*],Tg,274.0311921
750,[*]CCCCCCCCC(C)OC(=O)C(C)=C[*],Tg,208.017561
751,[*]CC(=O)C1=CC=C(C=C1)C=C[*],Tg,388.9555744
752,[*]C=C([*])C1=C(COC(=O)C2=CC=CC=C2)C=CC=C1,Tg,344.9848314
753,[*]CCCCCOC1=C(C=C[*])C=C(Br)C=C1,Tg,322.0327198
754,[*]CCCOC1=C(C=C[*])C=C(Br)C=C1,Tg,326.9640468
755,[*]CCC(C)OCC1=CC=C(C=C[*])C=C1,Tg,312.9680472
756,CC1=C(C=C[*])C=C(C=C1)C(C)(C)C[*],Tg,359.997927
757,[*]OCC1=C(C=C[*])C=CC=C1,Tg,433.0120677
758,[*]OCC1=CC=C(C=C[*])C=C1,Tg,413.047502
759,[*]C=CC1=CC=C(C=C1)O[*],Tg,433.0120677
760,[*]CNC(=O)C1=C(C=C[*])C=CC=C1,Tg,461.9553488
761,[*]C=C([*])C1=C(C=CC=C1)C(=O)OC1=CC=CC=C1,Tg,397.0086781
762,[*]C=C([*])C1=CC=C(C=C1)C(=O)N1CCCCC1,Tg,386.9902292
763,[*]CCCOCC1=C(C=C[*])C=CC=C1,Tg,369.9985312
764,[*]CCC(C)(O)C1=CC=C(C=C[*])C=C1,Tg,458.986593
765,[*]CC1=CC(=C(C=C1C)C=C[*])C,Tg,408.9780501
766,[*]COC(=O)C1=CC=CC(OC(=O)C=C[*])=C1,Tg,311.0283669
767,[*]CCCCC(CC)CCC(CC(C)C)OC(=O)C=C[*],Tg,252.9880456
768,[*]CC(C)(C)COC(=O)C=C[*],Tg,294.9850457
769,[*]CC(=C[*])C(=O)OC1=CC=CC(=C1)C#N,Tg,427.9568675
770,[*]CC(=C[*])C(=O)OCC1CCCCCCC1,Tg,325.9867889
771,[*]CCCCOC1=C(C=C[*])C=C(Br)C=C1,Tg,319.9631767
772,[*]CCOC1=C(C=C(C=C1)Br)C=C[*],Tg,353.0205604
773,[*]COC1=C(C=C[*])C=C(Br)C=C1,Tg,359.004589
774,[*]CCCCOCC1=C(C=C[*])C=CC=C1,Tg,340.0165058
775,[*]OC(=O)C1=C(C=C[*])C=CC=C1,Tg,449.9870339
776,[*]CN(C)C(=O)C1=CC=C(C=C[*])C=C1,Tg,398.0155135
777,[*]CN(C)CCOC(=O)C1=CC=C(C=C[*])C=C1,Tg,372.9924148
778,[*]OCC1=CC=CC(C=C[*])=C1,Tg,398.0155135
779,[*]COCC1=CC=CC=C1C=C[*],Tg,361.9928562
780,[*]CCCCCOCC1=C(C=C[*])C=CC=C1,Tg,319.9631767
781,[*]C=C([*])C1=C(COCCC2=CC=CC=C2)C=CC=C1,Tg,335.9696137
782,[*]CCC(=O)C1=CC=C(C=C[*])C=C1,Tg,374.9730022
783,[*]CC(C)C1=CC(=C(C=C1)C=C[*])C(C)C,Tg,435.0107606
784,[*]CC(C)C1=CC(=C(C=C1)C(C)C)C=C[*],Tg,440.9608165
785,[*]CCCC(C)(O)C1=CC=C(C=C[*])C=C1,Tg,402.9953175
786,[*]CC(C)(O)C1=CC=C(C=C[*])C=C1,Tg,438.0261112
787,[*]CC(=C[*])C(=O)OCC(C(C(C(C(C(C(C(F)F)(F)F)(F)F)(F)F)(F)F)(F)F)(F)F)(F)F,Tg,257.9882936
788,CC(=C([*]))C(=O)OCCOCCO[*],Tg,280.0270595
789,[*]CC1CC(CC(C1)(C)C)OC(=O)C(C)=C[*],Tg,398.0155135
790,[*]CC(C)CC(C)(C)CCOC(=O)C(C)=C[*],Tg,274.0311921
791,[*]CC(=C[*])C(=O)OC1=CC=C(CC#N)C=C1,Tg,400.9590312
792,[*]CC(=C[*])C(=O)OC1CCCCCCCCC1,Tg,330.9786651
793,[*]CC(=C[*])C(=O)OC1CCCCCCCCCCC1,Tg,329.0031075
794,[*][Si](CC)(CC)O[*],Tg,129.9870237
795,[*]C=CC=C[*],Tg,171.0015315
796,[*]C[Si](=C[*])C,Tg,172.9816359
797,[*]C[Si](C[*])(O)c1ccccc1,Tg,186.9820858
798,[SiH](C[*])(CCC(F)(F)F)O[*],Tg,199.0215022
799,[*]CC(C)=C[*],Tg,199.0215022
800,[SiH](C[*])(C)CCC[*],Tg,203.001852
801,[*]CCCCC=C[*],Tg,222.997503
802,[*]CCCC=C[*],Tg,222.997503
803,[*]C(F)(F)C(F)(F)c1nc(nc(OC(F)(F)F)n1)C(F)(F)C(F)(F)C(F)(F)C(F)(F)[*],Tg,254.9764088
804,C(Cl)(C(=O)OCCCC[*])C[*],Tg,329.9894079
805,[*]C(=O)CCCCCN[*],Tg,334.9654392
806,C(Cl)(C(=O)OCCC[*])C[*],Tg,344.0329188
807,C1CC(OC(O1)CC[*])C[*],Tg,344.9848314
808,[*]CCC(C)OC(=O)C(C)(Cl)[*],Tg,346.9764505
809,[*]CC(C)OC(=O)C(C)(Cl)[*],Tg,362.9944626
810,[*]c1c(F)c(F)c(c(F)c1(F))CC[*],Tg,362.9944626
811,[*]C(=O)CCCCC(=O)NCc1cc(ccc1)CN[*],Tg,362.9944626
812,C(Cl)(C(=O)OCC[*])C[*],Tg,366.0159406
813,[*]C(=O)c1ccc(cc1)C(=O)OCCC1CCC(CC1)O[*],Tg,367.959483
814,c1cc(ccc1)N([*])C(=O)CCCC(=O)Nc1cc(ccc1)OCC(O)CO[*],Tg,383.9723926
815,[*]C(Cl)(C(=O)OC1CCCCC1)C[*],Tg,386.9902292
816,C1C2=CC=C(CN1C(=O)CCCCCCCCC(=O)N[*])C=C2[*],Tg,387.9716573
817,[*]C(=O)Oc1ccc(cc1)Sc1ccc(cc1)O[*],Tg,387.9716573
818,[*][Si](C)([*])c1ccccc1,Tg,390.0317845
819,[*]C(=O)Oc1cc(C)c(cc1)C(C)(CC)c1c(C)cc(cc1)O[*],Tg,392.0125763
820,[*]CC(C#N)C[*],Tg,393.0067413
821,C(C)(c1ccc(cc1)C[*])C[*],Tg,394.0034276
822,[*]C(=O)Oc1c(Cl)cc(cc1)C(C)(C)c1c(C)cc(cc1)O[*],Tg,410.9604233
823,[*]C(=O)Oc1cc(Cl)c(cc1)C(C)(CC)c1c(Cl)cc(cc1)O[*],Tg,414.9540426
824,[*]C(=O)Oc1c(Cl)cc(cc1)C(C)(C)c1ccc(cc1)O[*],Tg,418.9864711
825,[*]C(=O)Oc1cc(Cl)c(cc1)C(C)(C)c1c(Cl)cc(cc1)O[*],Tg,418.9864711
826,[*]C(F)(C(F)(F)(F))C(F)(F)[*],Tg,425.0108332
827,[*]C(=O)Oc1ccc(cc1)C(=C(Cl)(Cl))c1ccc(cc1)O[*],Tg,430.0312336
828,[*]C(c1cccc2ccccc12)C[*],Tg,432.0161676
829,C(C#N)(C(=O)OC[*])C[*],Tg,433.0120677
830,[*]C(=O)Oc1ccc(cc1)C(C(Cl)(F)(F))(C(Cl)(F)(F))c1ccc(cc1)O[*],Tg,456.9829533
831,[*]C(=O)Oc1c(Cl)cc(cc1(Cl))C(C)(C)c1ccc(cc1)O[*],Tg,458.986593
832,[*]C(=O)Oc1cc(C)c(c(C)c1)C(C)(C)c1c(C)cc(cc1(C))O[*],Tg,473.0423244
833,[*]C(F)(c1ccccc1)C(F)(F)[*],Tg,475.0069894
834,[*]C(=O)c1ccc(cc1)C(=O)Oc1ccc(cc1)C(C)(C)c1ccc(cc1)O[*],Tg,477.969297
835,[*]Oc1ccc(Sc2ccc(Oc3cc4c(cc3)C(=O)N(C4(=O))c3ccccc3C(=O)c3ccc(cc3)[*])cc2)cc1,Tg,484.9533905
836,[*]C(=O)c1ccc(Oc2ccc(Sc3ccc(Oc4cc5c(cc4)C(=O)N(C5(=O))c4ccc(cc4)C(=O)[*])cc3)cc2)cc1,Tg,493.9693472
837,[*]C(=O)Oc1cc(Cl)c(c(Cl)c1)C(C)(C)c1c(Cl)cc(cc1(Cl))O[*],Tg,503.0370811
838,[*]C(=O)c1ccc(C(=O)c2ccc3c(c2)C(=O)N(C3(=O))c2cc(ccc2)C(=O)c2cc(ccc2)[*])cc1,Tg,512.9794883
839,[*]C(=O)Oc1cc(Br)c(c(Br)c1)C(C)(C)c1c(Br)cc(cc1(Br))O[*],Tg,522.9979662
840,[*]c1ccc(Oc2cc3c4c2c(cc(n3)c2ccc(cc2)Oc2ccc(cc2)[*])c(c2ccccc2)cc4)cc1,Tg,539.0139436
841,[*]c1ccc(C2=NN=C(N2c2ccccc2)c2ccc(cc2)C2=NN=C(N2c2ccccc2)c2ccc(cc2)[*])cc1,Tg,543.0002131
842,[*]NC(=O)c1ccc2c(c1)C(=O)N(C2(=O))c1ccc(cc1)C([*])c1ccc(cc1),Tg,550.0472529
843,[*]C(=O)c1ccc(C(=O)c2ccc3c(c2)C(=O)N(C3(=O))c2ccc(cc2)C(C(F)(F)F)(C(F)(F)F)c2ccc4c(c2)C(=O)N(C4(=O))c2ccccc2[*])cc1,Tg,561.9530077
844,c1c(c1ccccc1)c(c1ccccc1)c2c(n1)ccc(c2)Oc1ccc2c(c1)c(c1ccccc1)c(c1ccccc1)c(n2)c1ccc(cc1[*])Oc1ccc(cc1)[*],Tg,577.9629512
845,[*]c1ccc(Oc2cc3c4c2c(cc(n3)c2ccc(cc2)c2ccc(cc2)[*])c(c2ccccc2)cc4)cc1,Tg,581.031931
846,[*]C(=O)c1ccc(C(=O)c2ccc3c(c2)C(=O)N(C3(=O))c2ccc(cc2)C(C(F)(F)F)(C(F)(F)F)c2ccc4c(c2)C(=O)N(C4(=O))c2ccc(cc2)C(=O)[*])cc1,Tg,583.9827246
847,[*]c1ccc(Oc2ccc(cc2)c2c3c(cccc3)nc(c2)c2ccc(cc2)Oc2ccc(cc2)[*])cc1,Tg,598.9630064
848,[*]C(=O)c1ccc(cc1)C(=O)Nc1ccc(cc1)N[*],Tg,600.0673539
849,[*]c1ccc(Oc2ccc(cc2)c2c3c(cccc3)nc(c2c4ccccc4)c2ccc(cc2)Oc2ccc(cc2)[*])cc1,Tg,618.0164001
850,c1c(c1ccccc1)c(c1ccccc1)c2c(n1)ccc(c2)Oc1ccc2c(c1)c(c1ccccc1)c(c1ccccc1)c(n2)c1ccc(cc1[*])c1ccc(cc1)[*],Tg,624.0221421
851,[*]c1cnc2c(n1)cc3c(c2)ncc(n3)c1ccc(cc1)Oc1ccc(cc1)[*],Tg,626.0369977
852,[*]C[Sn](C)(C)C(C1=CC=C(C=C)C=C1)[Sn](C)(C)C[*],Tg,413.047502
853,[*]CC(C)CCOC1=C(C=C[*])C=C(Br)C=C1,Tg,310.0273442
854,[*]C=C([*])C1=C(COC2=CC=CC=C2)C=CC=C1,Tg,335.9696137
855,[*]CCCOC(=O)C1=C(C=C[*])C=CC=C1,Tg,380.9780898
856,[*]CC1=CC(=C(C(=C1)C)C=C)C[*],Tg,435.0107606
857,[*]C=C([*])C1=CC=C(C=C1)C#N,Tg,393.0067413
858,[*]CCCCCCCCCCC1=CC=C(C=C1)C=C[*],Tg,208.017561
859,[*]CN(C)C(=O)C1=C(C=C[*])C=CC=C1,Tg,463.0202659
860,[*]CN(C)CCOC(=O)C1=C(C=C[*])C=CC=C1,Tg,341.9794425
861,[*]CCCCCCCCCCCCC1=CC=C(C=C1)C=C[*],Tg,221.0039317
862,[*]CCOC(=O)C1=C(C=C[*])C=CC=C1,Tg,391.0209261
863,[*]CCCCCC(CC)OCC1=CC=C(C=C[*])C=C1,Tg,249.9769702
864,[*]CCCCCCCCCCCCCCCCC1=CC=C(C=C1)C=C[*],Tg,277.9713268
865,[*]OCCCCOCC1=CC=C(C=C[*])C=C1,Tg,293.021846
866,[*]CC(=NO)C1=CC=C(C=C[*])C=C1,Tg,407.0052394
867,[*]O\N=C1\CC(CCC2=CC=CC=C2)=C(C=C[*])C=C1,Tg,383.9723926
868,[*]CCCCCCCCCCCCCCC1=CC=C(C=C1)C=C[*],Tg,236.9736184
869,[*]OC(CCN1CCCCC1)C1=CC=C(C=C[*])C=C1,Tg,326.9640468
870,[*]CC(C)COC(=O)C1=C(C=C[*])C=CC=C1,Tg,400.036851
871,[*]CC(C)OC(=O)C1=C(C=C[*])C=CC=C1,Tg,418.9864711
872,[*]COC(=O)C1=C(C=C[*])C=CC=C1,Tg,402.9953175
873,[*]CCCCCCCCCCCCCCCCCCCC1=CC=C(C=C1)C=C[*],Tg,305.0001128
874,[*]CCCCCCCCCC1=CC=C(C=C1)C=C[*],Tg,219.9885109
875,[*]CCCCCCCCCCCCCCCCCCC1=CC=C(C=C1)C=C[*],Tg,305.0001128
876,[*]CCCCCCCCOCC1=CC=C(C=C[*])C=C1,Tg,230.993628
877,[*]CCCCCCCCC1=CC=C(C=C[*])C=C1,Tg,227.9817064
878,[*]CCCCCOC(=O)C1=C(C=C[*])C=CC=C1,Tg,365.0059971
879,[*]CCCCCOCC1=C(C=C[*])C=CC=C1,Tg,319.9631767
880,[*]C=C([*])C(=O)OCC1=C(C(=C(C(=C1Br)Br)Br)Br)Br,Tg,453.0018754
881,[*]CC1CC(CC(C1)(C)C)OC(=O)C=C[*],Tg,288.0049817
882,ClCC(CCl)(CCl)COC(=O)C([*])=C[*],Tg,319.0068436
883,[*]Oc1ccc(cc1)C(C)(C)c1ccc(Oc2ccc(cc2[N+](=O)[O-])S(=O)(=O)c2cccc(c2)[N+](=O)[O-])cc1[*],Tg,411.1497211
884,[*]Oc1cccc(c1)c1cccc(Oc2ccc(cc2)S(=O)(=O)c2ccccc2)c1[*],Tg,415.14518
885,Cc1ccc(Cc2ccc(COc3ccc(cc3)S(=O)(=O)c3ccc(O)cc3[*])cc2[*])cc1,Tg,419.1794659
886,[*]CC(C)(c1ccc(O)cc1)c1ccc(Oc2ccc(cc2[N+](=O)[O-])S(=O)(=O)c2ccccc2)cc1[*],Tg,423.1555097
887,[*]Oc1cccc(c1)S(=O)(=O)c1ccccc1[*],Tg,438.126982
888,[*]c1ccc(Oc2ccc(cc2)c2ccc(cc2)S(=O)(=O)c2ccccc2)cc1[*],Tg,441.1639332
889,[*]CC(C)(c1ccc(O)cc1)c1ccc(Oc2ccc(c(c2)[Si](C)(C)C)S(=O)(=O)c2ccccc2)cc1[*],Tg,444.1196614
890,[*]Cc1ccc(cc1)c1ccc(COc2ccc(cc2)S(=O)(=O)c2ccc(O)cc2)cc1[*],Tg,449.1588901
891,[*]Cc1cc(ccc1O)C(C)(C)c1cc(C)c(Oc2ccc(cc2)S(=O)(=O)c2ccccc2)cc1[*],Tg,451.1282253
892,[*]Oc1ccc(Cc2ccc(Oc3ccc(cc3)S(=O)(=O)c3ccccc3)cc2)cc1[*],Tg,453.106195
893,[*]Oc1ccc(Oc2ccc(Oc3ccc(cc3)S(=O)(=O)c3ccccc3)cc2)cc1[*],Tg,453.106195
894,[*]CC(C)(c1ccc(O)cc1)c1ccc(Oc2ccc(cc2)S(=O)(=O)c2ccccc2)cc1[*],Tg,459.1980128
895,[*]Sc1ccc(Oc2ccc(cc2)S(=O)(=O)c2ccccc2)cc1[*],Tg,461.1051789
896,CC(C)(c1ccc(Oc2ccc(cc2)S(=O)(=O)c2ccc(cc2)[*])cc1)c1ccc(O)c(c1[N+](=O)[O-])[*],Tg,463.1268925
897,CC(C)(c1ccc(O)c(c1[N+](=O)[O-])[*])c1ccc(Oc2ccc(cc2)S(=O)(=O)c2ccccc2)c(c1[N+](=O)[O-])[*],Tg,468.1661397
898,O=C([*])c1ccc(cc1)C(=O)c1ccc(cc1)S(=O)(=O)c1ccccc1[*],Tg,468.1661397
899,[*]Cc1cc(ccc1O)C1(CCCCC1)c1ccc(Oc2ccc(cc2)S(=O)(=O)c2ccccc2)c(C[*])c1,Tg,470.1105527
900,[*]CC(C)C(c1ccc(O)c(C)c1)c1ccc(Oc2ccc(cc2)S(=O)(=O)c2ccccc2)c(C[*])c1,Tg,473.151259
901,[*]CC(c1ccccc1)(c1ccc(O)cc1)c1ccc(Oc2ccc(cc2)S(=O)(=O)c2ccccc2)cc1[*],Tg,473.151259
902,[*]Oc1ccc(cc1)C1(CCCCC1)c1ccc(Oc2ccc(cc2)S(=O)(=O)c2ccccc2)cc1[*],Tg,478.1894607
903,[*]Oc1ccc(cc1)C(=O)c1ccc(Oc2ccc(cc2)S(=O)(=O)c2ccccc2)cc1[*],Tg,478.1894607
904,[*]Oc1ccc(Oc2ccc(cc2)S(=O)(=O)c2ccccc2)cc1[*],Tg,483.1700432
905,[*]CC(C)(c1ccc(O)cc1)c1ccc(Oc2ccc(c(c2)C(=O)O)S(=O)(=O)c2ccccc2)cc1[*],Tg,483.1700432
906,[*]Oc1ccc2ccc(Oc3ccc(cc3)S(=O)(=O)c3ccccc3)cc2c1[*],Tg,488.2025011
907,[*]Oc1ccc(cc1)S(=O)(=O)c1ccc(cc1)c1ccccc1[*],Tg,489.1026321
908,[*]Oc1ccc(cc1)c1ccc(Oc2ccc(cc2)S(=O)(=O)c2ccccc2)cc1[*],Tg,493.173804
909,[*]CC(C)(c1ccc(O)cc1)c1ccc(Oc2ccc(c(c2)C(=O)O)S(=O)(=O)c2ccccc2C(=O)O)cc1[*],Tg,493.173804
910,[*]Oc1ccccc1S(=O)(=O)c1ccccc1[*],Tg,494.1968808
911,[*]Oc1ccc2c(Oc3ccc(cc3)S(=O)(=O)c3ccccc3)cccc2c1[*],Tg,494.1968808
912,O=C([*])c1cccc(C(=O)c2ccc(CS(=O)(=O)c3ccccc3)cc2[*])c1C#N,Tg,495.1080641
913,[*]CC(C)c1cc(Oc2ccc(cc2)S(=O)(=O)c2ccccc2)c(cc1O)C(C)C[*],Tg,498.195729
914,[*]Sc1ccc(Oc2ccc(Sc3ccc(cc3)S(=O)(=O)c3ccccc3)cc2)cc1[*],Tg,498.195729
915,[*]Oc1cc(c(Oc2ccc(cc2)S(=O)(=O)c2ccccc2)c(c1)c1ccccc1)c1ccccc1[*],Tg,500.1496854
916,[*]Oc1ccc2cc(Oc3ccc(cc3)S(=O)(=O)c3ccccc3)ccc2c1[*],Tg,500.1496854
917,[*]Cc1cc(Cc2cc(C)c(Oc3ccc(cc3)S(=O)(=O)c3ccccc3)c(C)c2)cc(C)c1O[*],Tg,501.1872336
918,O=C([*])c1cccc(c1)C(=O)c1ccc(cc1)S(=O)(=O)c1ccccc1[*],Tg,501.1872336
919,[*]Oc1ccc(cc1)C(c1ccccc1)(c1ccccc1)c1ccc(Oc2ccc(cc2)S(=O)(=O)c2ccccc2)cc1[*],Tg,503.152923
920,[*]Oc1ccc(cc1[N+](=O)[O-])S(=O)(=O)c1ccccc1[*],Tg,507.1074606
921,[*]Cc1c(O)cc(c(Oc2ccc(cc2)S(=O)(=O)c2ccccc2)c1c1ccccc1)c1ccccc1[*],Tg,508.1594426
922,[*]Oc1ccc(c2ccccc12)S(=O)(=O)c1ccccc1[*],Tg,511.093079
923,[*]Oc1cccc2c(cccc12)S(=O)(=O)c1ccccc1[*],Tg,511.093079
924,[*]Sc1ccc(cc1)S(=O)(=O)c1ccccc1[*],Tg,513.0976198
925,[*]Oc1cc(c(Oc2ccc(cc2)S(=O)(=O)c2ccccc2)c(c2ccccc2)c1c1ccccc1)c1ccccc1[*],Tg,513.0976198
926,[*]Oc1ccc(cc1)S(=O)(=O)c1ccc(Oc2ccc(cc2)S(=O)(=O)c2ccccc2)cc1[*],Tg,518.203092
927,[*]Oc1ccc(cc1)S(=O)(=O)c1ccccc1[*],Tg,523.1184048
928,[*]Oc1ccc(cc1)S(=O)(=O)c1cccc2c(cccc12)S(=O)(=O)c1ccccc1[*],Tg,523.1184048
929,[*]Oc1ccc(cc1)C1(CC2CCC1C2)c1ccc(Oc2ccc(cc2)S(=O)(=O)c2ccccc2)cc1[*],Tg,523.1184048
930,[*]Cc1cc(cc(C)c1O)c1cc(C)c(Oc2ccc(cc2)S(=O)(=O)c2ccccc2)c(C[*])c1,Tg,535.1801538
931,[*]Oc1ccc(cc1)c1ccc(cc1)S(=O)(=O)c1ccccc1[*],Tg,538.1458556
932,[*]Cc1cc(cc(C)c1O)S(=O)(=O)c1cc(C)c(Oc2ccc(cc2)S(=O)(=O)c2ccccc2)c(C[*])c1,Tg,538.1458556
933,[*]Oc1c(c2ccccc2)c(c(Oc2ccc(cc2)S(=O)(=O)c2ccccc2)c(c2ccccc2)c1c1ccccc1)c1ccccc1[*],Tg,538.1458556
934,[*]c1ccc(Oc2c(cc(cc2c2ccccc2)c2cc(cc(c2)c2ccccc2)c2ccccc2)c2ccccc2)cc1S(=O)(=O)c1ccccc1[*],Tg,543.1252579
935,[*]Oc1ccc(cc1)S(=O)(=O)c1ccc(cc1)c1ccc(cc1)S(=O)(=O)c1ccccc1[*],Tg,549.1613956
936,[*]Oc1ccc(cc1)C1(c2ccccc2c2ccccc12)c1ccc(Oc2ccc(cc2)S(=O)(=O)c2ccccc2)cc1[*],Tg,553.0953407
937,[*]Oc1ccc(c2ccc(Oc3ccc(cc3)S(=O)(=O)c3ccccc3[*])c3ccccc23)c2ccccc12,Tg,554.115119
938,O=[S](=O)c1c([*])cccc1[*],Tg,623.1606189
939,O=[S](=O)c1c([*])cc2oc3ccccc3c2c1[*],Tg,633.1403617
940,[*]CC(C)c1cc(cc(C(C)C)c1O)C(C)(C)c1cc(C(C)C)c(Oc2ccc(cc2)S(=O)(=O)c2ccccc2)c(c1)C(C)C[*],Tg,448.1258533
941,[*]CC(C)(c1ccc(O)c(c1)c1ccccc1)c1ccc(Oc2ccc(cc2)S(=O)(=O)c2ccccc2)c(c1)c1ccccc1[*],Tg,464.1945102
942,[*]CC(C)(c1ccc(O)cc1)c1ccc(Oc2ccc(cc2S(=O)(=O)O[Na])S(=O)(=O)c2cccc(c2)S(=O)(=O)O[Na])cc1[*],Tg,465.1574703
943,[*]CC(C)(c1ccc(O)c(Cl)c1)c1ccc(Oc2ccc(cc2)S(=O)(=O)c2ccccc2)c(Cl)c1[*],Tg,478.1894607
944,[*]Oc1ccc(cc1)C(c1ccc(Oc2ccc(cc2)S(=O)(=O)c2ccccc2)cc1[*])(C(F)(F)F)C(F)(F)F,Tg,478.1894607
945,[*]Cc1cc(cc(C)c1O)C(C)(C)c1cc(C)c(Oc2ccc(cc2)S(=O)(=O)c2ccccc2)c(C[*])c1,Tg,508.1594426
946,[*]Oc1c(cc(c2cc(c(Oc3ccc(cc3)S(=O)(=O)c3ccccc3)c(c3ccccc3)c2c2ccccc2)c2ccccc2)c(c2ccccc2)c1c1ccccc1)c1ccccc1[*],Tg,538.1458556
947,[*]Oc1c(cc(cc1c1ccccc1)c1cc(c(Oc2ccc(cc2)S(=O)(=O)c2ccccc2)c(c1Cl)c1ccccc1)c1ccccc1)c1ccccc1[*],Tg,553.0953407
948,[*]Cc1c(cc(c(O)c1c1ccccc1)c1ccccc1)c1cc(c(Oc2ccc(cc2)S(=O)(=O)c2ccccc2)c(c1C)c1ccccc1)c1ccccc1[*],Tg,558.2130689
949,O(c1ccccc1[*])c1ccc(cc1)c1nc2ccccc2c(c1)c1ccc(Oc2ccc(cc2)c2ccnc3ccccc23)cc1[*],Tg,523.9622519
950,N1=C(CC(=C2C1C=CC(=C2)Oc1ccc2nccc(c3ccc(cc3)[*])c2c1)c1ccc(cc1)[*])c1ccc(cc1)c1ccccc1,Tg,581.031931
951,N1=C(CC(=C2C1C=CC(=C2)Oc1ccc2nccc(c3ccc(cc3)[*])c2c1)c1ccccc1)c1ccc(Oc2ccc(cc2)[*])cc1,Tg,539.0139436
952,c1c(c1ccccc1)c(c1ccccc1)c2c(n1)ccc(c2)Oc1ccc2c(c1)c(c1ccccc1)c(c1ccccc1)c(n2)c1ccc(cc1[*])Oc1ccc(cc1)[*],Tg,618.0164001
953,[*]c1ccc(Oc2ccc(cc2)c2ccc3ccnc(c3c2)c2ccc(cc2)C2=CC=CC3C2N=C(C=C3)c2ccc(Oc3ccccc3)cc2)cc1[*],Tg,550.0472529
954,O(c1ccc(cc1[*])c1c(c(nc2ccccc12)c1ccccc1)c1ccccc1)c1ccc(cc1[*])c1c(cnc2ccccc12)c1ccccc1,Tg,546.0092498
955,O(c1cc2c(c3ccccc3)c(c3ccccc3)c(nc2cc1)c1ccc(cc1)[*])c1ccc2nc(cc(c3ccccc3)c2c1)c1ccc(cc1)[*],Tg,585.059452
956,C1CC(=CC=C1)c1cc(nc2ccc(Oc3cc4c(c5ccccc5)c(c5ccc(cc5[*])c5ccccc5)c(nc4cc3)c3ccccc3)cc12)c1ccccc1[*],Tg,597.9983697
957,[*]c1ccc2nc(c3ccccc3)c(c3ccc(cc3)c3ccccc3)c(c3ccccc3)c2c1c1ccc2nc(c3ccccc3)c(c3ccc(cc3)c3ccccc3)c(c3ccccc3)c2c1[*],Tg,662.9793477
958,O=C1c2ccccc2C(c2ccccc2)(c2ccc(cc2)c2cc(c3ccccc3)c3cc(ccc3n2)C2(c3ccccc3c3ccccc23)c2ccc3nccc(c4ccc(cc4)[*])c3c2)c2ccc(cc12)[*],Tg,657.9607697
959,O=C1c2ccccc2C(c2ccccc12)(c1ccc2nccc(c3ccc(cc3)[*])c2c1)c1ccc2nc(cc(c3ccccc3)c2c1)c1ccc(cc1)C1(c2ccccc2c2ccccc12)c1ccc(cc1)[*],Tg,677.9536449
960,O(c1ccc2nccc(c3ccc(cc3)[*])c2c1)c1ccc2nc(cc(c3ccccc3)c2c1)c1ccc(cc1)C1(c2ccccc2c2ccccc12)c1ccc(cc1)[*],Tg,583.0422138
961,[*]c1ccc(cc1)c1ccc(cc1)c1cc(c2ccccc2)c2cc(ccc2n1)C1(c2ccccc2c2ccccc12)c1ccc2nccc([*])c2c1,Tg,652.9801811
962,C1CC=C2C(=C1)c1ccccc1C2(c1cc2c(cc(nc2cc1)c1ccc(Oc2ccc(cc2)[*])cc1)c1ccccc1)c1ccc2nccc(c3ccc(cc3)[*])c2c1,Tg,588.0306995
963,O=C1c2ccccc2C(c2cc3c(cc(nc3cc2)c2ccc(Oc3ccc(cc3)[*])cc2)c2ccccc2)(c2ccc3nccc(c4ccc(cc4)[*])c3c2)c2ccccc12,Tg,593.0618664
964,[*]c1ccc(cc1)c1ccc(cc1)c1nc2cc3nccc([*])c3cc2c(c1)c1ccccc1,Tg,664.9668571
965,[*]c1ccc(cc1)Oc1ccc(cc1)c1cc(c2ccccc2)c2cc3c(ccnc3cc2n1)c1ccc([*])cc1,Tg,651.9285491
966,[*]c1ccc(cc1)c1ccnc2ccc(cc12)c1ccc2nc(cc(c3ccccc3)c2c1)c1ccc([*])cc1,Tg,623.0171474
967,[*]c1ccc(cc1)c1ccc(cc1)c1ccc(cc1)c1cc(c2ccccc2)c2cc(ccc2n1)c1ccc2nccc([*])c2c1,Tg,618.0164001
968,[*]c1ccc(cc1)c1ccc(cc1)c1ccc(cc1)c1ccc(cc1)c1cc(c2cc(ccc2n1)c1ccc2nccc([*])c2c1)c1ccccc1,Tg,623.0171474
969,[*]c1ccc(cc1)c1c(cnc2ccc(cc12)c1ccc2nc(c3ccc(cc3)c3ccccc3)c(c3ccccc3)c(c3ccccc3)c2c1)c1ccc([*])cc1,Tg,632.9945925
970,[*]c1ccc(cc1)Oc1ccc(cc1)c1cc(c2ccccc2)c2cc(ccc2n1)c1ccc2nccc([*])c2c1,Tg,577.9629512
971,[*]c1ccc(cc1)Oc1ccc(cc1)c1nc2cc3nccnc3cc2nc1[*],Tg,626.0369977
972,[*]c1ccc(cc1)c1cnc2cc3nc(cnc3cc2n1)c1cc2nc(c(nc2cc1)c1ccc([*])cc1)c1ccccc1,Tg,645.0598333
973,[*]c1ccc(cc1)c1cc2c(cc1)cc(cc2)S(=O)(=O)c1cc2c(cc1)nc(c1ccc([*])cc1)c(n2)c1ccccc1,Tg,618.0164001
974,[*]c1ccc(cc1)c1cc2nc(cnc2cc1)S(=O)(=O)c1ccc2nccnc2c1[*],Tg,615.0352393
975,[*]c1ccc(cc1)c1cc2nc(cnc2cc1)C(=O)c1ccc2nccnc2c1[*],Tg,591.0170366
976,[*]c1ccc(cc1)c1cc2nc(cnc2cc1)Oc1ccc2nccnc2c1[*],Tg,579.0285795
977,[*]c1ccc(cc1)Oc1ccc(cc1)c1c(nc2ccc(cc2n1)c1ccc2nc(cnc2c1)c1ccc([*])cc1)c1ccccc1,Tg,573.0598741
978,[*]c1ccc(cc1)Oc1ccc(cc1)c1nc2c(ccc(c2)c2ccc3nccnc3c2)nc1[*],Tg,577.9629512
979,[*]c1ccc(cc1)Oc1ccc(cc1)c1c(nc2ccc(Oc3ccc4nc(cnc4c3)c3ccc([*])cc3)cc2n1)c1ccccc1,Tg,531.006699
980,[*]c1ccc(cc1)Oc1ccc(Oc2ccc(cc2)c2cnc3ccc(cc3n2)c2ccc3nccnc3c2)cc1[*],Tg,508.042448
981,[*]c1ccc(cc1)Oc1ccc(cc1)c1c(nc2ccc(Oc3ccc4nc(cc(c5ccccc5)c4c3)c3ccc([*])cc3)cc2c1c1ccccc1)c1ccccc1,Tg,527.9587598
982,[*]c1ccc(cc1)c1nc2c(cc(cc2)c2cc3c(cc2)nc(c2ccccc2)c(c2ccccc2)c3c2ccccc2)c(c1)c1ccc([*])cc1,Tg,642.9837541
983,[*]c1ccc(cc1)c1nc2cc(ccc2nc1)c1cc2nc(c3ccccc3)c(nc2cc1)c1ccc([*])cc1,Tg,624.0221421
984,COc1ccc(cc1[*])c1nc2c(ccc(c2)c2cc3c(cc2)nc(c2ccccc2)c(n3)c2ccc(OC)cc2[*])nc1,Tg,577.9629512
985,[*]c1ccc(cc1)c1ccc(cc1)c1c(nc2ccc(cc2n1)c1ccc2ncc(nc2c1)c1ccc(cc1)c1ccc([*])cc1)c1ccccc1,Tg,600.0673539
986,Oc1ccc(cc1)c1nc2cc(ccc2nc1)c1cc2nc(c3ccc(O)cc3[*])c(nc2cc1)c1ccc(cc1)[*],Tg,648.0372942
987,[*]c1ccc(cc1)c1nc2cc(ccc2nc1)c1cc2c(cc1)nc(c1ccc(Oc3ccccc3)cc1)c(n2)c1ccc([*])cc1,Tg,586.0032168
988,[*]c1ccc(cc1)Oc1ccc(Oc2ccc(cc2)c2cc3nc(c4ccccc4)c(nc3cc2)c2ccc(cc2)C(=O)c2ccc3ncc(nc3c2)c2ccc([*])cc2)cc1,Tg,537.0317964
989,[*]c1ccc(cc1)c1ccc(cc1)c1ccc(cc1)c1cnc2ccc(cc2n1)c1ccc2nccnc2c1[*],Tg,577.9629512
990,[*]c1ccc(c2nc3c(cc2c1)OC1cc2nc(nc2cc1)c1ccccc1)ncc3[*],Tg,550.0472529
991,[*]c1ccc(cc1)c1ccc(cc1)c1cc2nc(c3ccccc3)c(nc2cc1)Oc1ccc2nc(cnc2c1)c1ccc([*])cc1,Tg,570.0330022
992,[*]c1ccc(cc1)c1ccc2nccc(c3ccccc3)c2c1Oc1ccc2nc(cc(c3ccc([*])cc3)c2c1)c1ccccc1,Tg,573.0598741
993,[*]c1ccc(cc1)c1ccc(cc1)c1cc(nc2ccccc12)c1ccc(Oc2ccc(cc2)c2ccnc3ccccc23)cc1[*],Tg,600.0673539
994,[*]c1ccc(cc1)Oc1ccc(cc1)c1c(nc2ccc(cc2c1c1ccccc1)c1ccc2nc(cc(c3ccccc3)c2c1)c1ccc([*])cc1)c1ccccc1,Tg,577.9629512
995,c1ccc(cc1)c1c2cc(ccc2nc(c1)c1ccc(cc1)C1(c2ccccc2c2ccccc12)c1ccc([*])cc1)C1(c2ccccc2c2c1cccc2)c1ccc2nccc(c3ccc([*])cc3)c2c1,Tg,662.9793477
996,O=C1c2ccccc2C(c2ccccc2)(c2ccc(cc2)c2cc(c3ccc([*])cc3)c3cc(ccc3n2)C2(c3ccc4nccc(c4c3)c3ccc([*])cc3)c3ccccc3C(=O)c3c2cccc3)c2c1cccc2,Tg,662.9793477
997,O=C1c2ccccc2C(c2ccc(cc2)c2cc(c3ccc([*])cc3)c3cc(Oc4ccc5nccc(c6ccc([*])cc6)c5c4)ccc3n2)(c2c1cccc2)c1ccccc1,Tg,613.0557921
998,[*]c1ccc(cc1)c1ccc(cc1)c1nc2cc3c(ccnc3cc2c(c1)c1ccc([*])cc1)c1ccccc1,Tg,655.9942007
999,[*]c1ccc(cc1)c1ccnc2ccc(cc12)[*],Tg,688.0183161
1000,[*]c1ccc(cc1)c1c(c2ccccc2)c(c2cc(ccc2n1)c1ccc2ncc(c3ccc([*])cc3)c(c3ccccc3)c2c1)c1ccccc1,Tg,642.9837541
1001,[*]c1ccc(cc1)c1cnc2cc3nc(c(nc3cc2n1)c1ccc([*])cc1)c1ccccc1,Tg,637.9696227
1002,[*]c1ccc(cc1)c1cnc2ccc(cc2n1)c1cc([*])c2nccnc2c1,Tg,648.9332095
1003,O=C(c1cc2nc(c(nc2cc1)c1ccc([*])cc1)c1ccccc1)c1ccc2nc(cnc2c1)c1ccc([*])cc1,Tg,597.9983697
1004,O(c1ccc([*])cc1)c1ccc(cc1)c1nc2c(ccc(c2)c2ccc3ncc(nc3c2)c2ccc(Oc3ccc([*])cc3)cc2)nc1c1ccccc1,Tg,517.9645056
1005,[*]c1ccc(cc1)c1nc2cc(ccc2nc1)c1cc2nc(c3ccc(cc3)C#N)c(nc2cc1)c1ccc(Oc2ccc([*])cc2)cc1,Tg,613.0557921
1006,[*]CC(C)(c1ccccc1)c1ccc(OP(=O)(C)Oc2ccccc2)cc1[*],Tg,361.1602958
1007,CC(C)(c1c(Cl)c(Cl)cc(Cl)c1Cl)c1c(Cl)c(Cl)c(OP(=O)(Oc2ccc([*])cc2)Oc2ccc([*])cc2)c(Cl)c1Cl,Tg,333.1194571
1008,[*]COP(=O)(Oc1ccccc1)Oc1ccc(cc1)C(C)(C)c1ccccc1[*],Tg,351.1559245
1009,[*]CCCCOP(=O)(Oc1ccccc1)Oc1ccc(cc1)C(C)(C)c1ccccc1[*],Tg,363.1616662
1010,[*]CCCCP(=O)(Oc1ccccc1)Oc1ccc(cc1)C(C)(C)c1ccccc1[*],Tg,353.1831698
1011,CC(C)(c1ccc([*])cc1)c1ccc(OP(=O)(Oc2ccc([*])cc2)C2CCCCC2)cc1,Tg,366.1845359
1012,CC(C)(c1ccc([*])cc1)c1ccc(OP(=O)(Oc2ccccc2)c2ccc([*])cc2)cc1,Tg,372.134556
1013,CC(C)(c1c(Cl)c(Cl)cc(Cl)c1Cl)c1c(Cl)c(Cl)c(OP(=O)(Oc2ccc([*])cc2)c2ccc([*])cc2)c(Cl)c1Cl,Tg,358.1789013
1014,[*]CP(=O)(Oc1ccccc1)Oc1ccc(cc1)c1ccccc1[*],Tg,403.1809464
1015,O=P(Oc1ccc([*])cc1)(Oc1ccc(cc1)c1ccc([*])cc1)C1CCCCC1,Tg,400.1289735
1016,O=P(OC1CCCCC1)(Oc1ccc([*])cc1)Oc1ccc(cc1)c1ccc([*])cc1,Tg,389.1347363
1017,O=P(Oc1ccc([*])cc1)(Oc1ccc([*])cc1)C1CCCCC1,Tg,398.1071706
1018,O=P(OC1CCCCC1)(Oc1ccc([*])cc1)Oc1ccc([*])cc1,Tg,381.1535771
1019,O=P(Oc1ccc([*])cc1)(Oc1ccc(cc1)S(=O)(=O)c1ccc([*])cc1)C1CCCCC1,Tg,405.1352202
1020,[*]c1ccc(S(=O)(=O)c2ccccc2)cc1OP(=O)(Oc1ccccc1[*])OC1CCCCC1,Tg,393.1877693
